segment_id,winddir,span_id
0,267.8599070561516,20
1,267.84887704887757,20
2,267.8708415330113,20
3,267.8508393321198,20
4,267.85139782341975,20
5,267.9788974747603,20
6,268.04943790453336,20
7,268.0332827939803,20
8,268.1041610973871,20
9,268.11764204320156,20
10,267.91818098292646,20
11,267.85800256648326,20
12,267.8827996565875,20
13,267.87024296447805,20
14,267.87838104677513,20
15,267.8552535867332,20
16,267.88292412684456,20
17,267.8622821827928,20
18,267.8707402876758,20
19,267.8853483463755,20
20,267.89213306097946,20
21,267.90808584531993,20
22,267.829825929658,20
23,267.7849275235378,20
24,267.8346692344296,20
25,267.8656626393756,20
26,267.8928413188571,20
27,267.9042206150755,20
28,267.9095737030705,20
29,267.8915135805425,20
30,267.8744167104913,20
31,267.8818638207603,20
32,267.88325250891006,20
33,267.88539437066544,20
34,267.8878861991134,20
35,267.91365666227097,20
36,267.95175102356006,20
37,268.0307811086571,20
38,268.03157015944294,20
39,268.03142342087085,20
40,268.0360378063339,20
41,268.03223847346305,20
42,268.03990540301953,20
43,268.0420354717065,20
44,268.0418958354387,20
45,268.04580641624193,20
46,268.044999571192,20
47,268.02993789780436,20
48,268.06104589669997,20
49,268.0472193547149,20
50,268.0412034223729,20
51,268.0631391964874,20
52,268.0721924997342,20
53,268.0664075366263,20
54,268.0877025486108,20
55,268.07247388296344,20
56,268.0778961092323,20
57,268.0600487534471,20
58,268.0432187298574,20
59,268.07889986755475,20
60,267.999917272419,20
61,268.1725901359926,20
62,268.4731375880293,20
63,269.23322836570867,20
64,280.52116443762515,20
65,309.5360228540447,20
66,319.20081432709225,20
67,319.3012846699103,20
68,319.2945169846237,20
69,319.49249318216397,20
70,319.49298019721203,20
71,319.45115913637795,20
72,319.44471307760955,20
73,319.4422805115614,20
74,319.42587079740673,20
75,319.43525605755826,20
76,319.44118477548966,20
77,319.4372043850535,20
78,319.43051864896995,20
79,319.4328105072157,20
80,319.2245733690765,20
81,319.0986538157939,20
82,319.10018909289016,20
83,318.7516051769997,20
84,316.75994986626915,20
85,316.58601478014447,20
86,316.57289144436,20
87,316.61373347328356,20
88,320.56946894529904,20
89,340.1444596780356,20
90,347.64119858153674,20
91,333.014936353173,20
92,321.7779422431205,20
93,303.5847661941978,20
94,322.8792646515166,20
95,328.1224590398647,20
96,331.0483443939699,20
97,340.15683008548814,20
98,333.4222309604799,20
99,336.0030487936068,20
100,336.03197885951784,20
101,323.9120069906969,20
102,311.05479043836846,20
103,326.54236683067626,20
104,337.3560226650596,20
105,338.2056914411935,20
106,331.77762425916995,20
107,334.86594407139756,20
108,343.74009726414766,20
109,340.642556295284,20
110,340.18637652878255,20
111,325.7730656763924,20
112,340.2383970906911,20
113,334.191858049757,20
114,344.53161757363006,20
115,335.9637724741293,20
116,342.4288094223777,20
117,342.30533582431025,20
118,335.08889849814676,20
119,326.258019610146,20
120,341.0905479058789,20
121,331.497268991686,20
122,314.4953090536772,20
123,331.70026326997294,20
124,334.397735974289,20
125,328.24731392032777,20
126,322.06771029225183,20
127,330.65948125527325,20
128,327.67242752672985,20
129,324.35543541454456,20
130,315.982672841411,20
131,310.38545942026695,20
132,314.6691665133808,20
133,314.1631698493924,20
134,331.6346007635534,20
135,336.16302494624114,20
136,319.0505699333972,20
137,322.18109035625264,20
138,336.5564268539801,20
139,339.1454622408527,20
140,304.09153626481213,20
141,329.12173993986704,20
142,326.55342334477433,20
143,346.8072382322772,20
144,331.2105633686479,20
145,330.9327047508878,20
146,335.0389335845046,20
147,317.456880971149,20
148,318.01421709953667,20
149,322.03848641416346,20
150,321.61866727316806,20
151,326.4957045273477,20
152,319.8909453787759,20
153,325.0278802536002,20
154,327.2872880917153,20
155,328.16281549570664,20
156,327.37938144317604,20
157,314.7553561042433,20
158,318.6420543440616,20
159,331.9857407187441,20
160,334.6680005291283,20
161,334.91948389847147,20
162,323.1629524798122,20
163,320.92898224083166,20
164,321.97659040718236,20
165,326.10827221824144,20
166,314.2489901031755,20
167,318.00842779119773,20
168,324.8290514047745,20
169,318.32040532958877,20
170,325.0639362323738,20
171,327.9698735379393,20
172,323.17871770363047,20
173,331.33376821357814,20
174,326.0088030438436,20
175,326.62956042411906,20
176,329.4482795734005,20
177,325.31330950381135,20
178,325.1274195183878,20
179,325.61992970456697,20
180,331.880757758711,20
181,314.6977395110322,20
182,324.0655938479135,20
183,326.12440264305576,20
184,325.06505371595665,20
185,314.0296813252643,20
186,325.1572694573353,20
187,318.7065371830249,20
188,321.63651681593865,20
189,319.4647322604016,20
190,329.6822644994836,20
191,321.058209693862,20
192,321.5282995622487,20
193,319.670437420302,20
194,336.683448932858,20
195,325.9753281351377,20
196,324.6545200017882,20
197,318.4069501049956,20
198,314.42925175150873,20
199,318.5073751891945,20
200,321.40502953804645,20
201,317.6938148792535,20
202,320.37331957647996,20
203,328.4091278618636,20
204,321.3545266849578,20
205,320.2514576526507,20
206,319.18914627075964,20
207,317.21431782388873,20
208,321.4154444970576,20
209,321.4577050820932,20
210,324.0886336774261,20
211,307.76283508693473,20
212,316.5727145591637,20
213,317.4029029209095,20
214,324.2115925226708,20
215,321.4887096145167,20
216,319.17706985827226,20
217,317.3728779823065,20
218,319.3320165022989,20
219,319.49081077441576,20
220,323.5423041196263,20
221,314.03662397271154,20
222,310.20036637892497,20
223,317.1397203904935,20
224,313.86173183356885,20
225,310.4186841465637,20
226,320.4476440390984,20
227,303.6740181560446,20
228,297.98589298450173,20
229,298.00598737324384,20
230,303.16048479892515,20
231,302.04120955032926,20
232,299.4639493884986,20
233,304.87584192969126,20
234,303.54263060310035,20
235,309.1047546481931,20
236,308.33255332502637,20
237,303.0194203923253,20
238,298.45979642350557,20
239,304.18281263945465,20
240,316.5548706061178,20
241,308.8341873965112,20
242,310.67540954917575,20
243,312.5320510084182,20
244,306.6983196350048,20
245,300.77566066064065,20
246,306.4298351534937,20
247,298.58023969975943,20
248,308.9614664136391,20
249,319.4216440660736,20
250,314.60145321535606,20
251,307.50126219913244,20
252,299.0245766187642,20
253,305.20798412159087,20
254,299.4475686282517,20
255,306.74765244704537,20
256,304.61330897210587,20
257,296.6428250479474,20
258,301.4527192991352,20
259,306.20916114747433,20
260,301.6529552486907,20
261,313.4571638358076,20
262,300.35750802800555,20
263,299.6966986815644,20
264,302.6310968057754,20
265,302.85478998642054,20
266,309.2165201059774,20
267,301.2124718035577,20
268,308.1095771152636,20
269,309.90431715979474,20
270,313.3090257149751,20
271,309.2360931291776,20
272,318.49460990794427,20
273,313.62884925473327,20
274,316.7643859771392,20
275,313.6553631819356,20
276,311.7561419370812,20
277,315.02169915224755,20
278,307.79055632885155,20
279,316.1375969013364,20
280,310.6626050648547,20
281,301.1954353546672,20
282,300.07718918576154,20
283,300.37694742422,20
284,302.4493411810692,20
285,311.6776599633818,20
286,303.21247289969284,20
287,301.6636179653176,20
288,304.7910879630363,20
289,316.5938391878518,20
290,314.4757579233085,20
291,315.35017546863946,20
292,298.8717123436183,20
293,305.0923098467648,20
294,304.66582746117143,20
295,301.11323804997295,20
296,304.6566747089293,20
297,301.02282668204174,20
298,297.1229199562076,20
299,298.9158900180298,20
300,298.77836950799696,20
301,297.91947820730144,20
302,299.3994676411497,20
303,300.43931837590293,20
304,309.0606466069376,20
305,299.25362304898914,20
306,298.03420613416137,20
307,298.13072009929493,20
308,298.61365168918144,20
309,303.015798994446,20
310,313.2375727413995,20
311,299.03937728152806,20
312,305.1797316081942,20
313,302.0567449239274,20
314,301.106492415378,20
315,306.5300420545094,20
316,304.1559123931757,20
317,309.89200299266,20
318,301.01512099382524,20
319,296.8508178592089,20
320,298.13929273832116,20
321,299.0560963845775,20
322,300.733781205359,20
323,301.3196529401562,20
324,302.41455524562224,20
325,296.85500529393136,20
326,302.0898186395437,20
327,300.80934397991564,20
328,299.88564354849797,20
329,302.5176135462318,20
330,302.9847108459494,20
331,296.76693356698667,20
332,300.4079584743828,20
333,297.8734346515117,20
334,299.2395511993294,20
335,304.3967459341602,20
336,304.75670228618566,20
337,301.28691698544463,20
338,304.9850102217572,20
339,297.30501822050906,20
340,303.32375248555576,20
341,302.1834903742979,20
342,308.83846453944994,20
343,316.93280756982716,20
344,301.4863057259928,20
345,301.1439056156702,20
346,298.88009448397395,20
347,301.54635033268084,20
348,302.45631306935775,20
349,301.0014339649058,20
350,300.1541233649475,20
351,301.9318246620146,20
352,301.0146730691364,20
353,303.239692582223,20
354,301.7793371045224,20
355,303.86260209103153,20
356,298.1521936501107,20
357,299.11775543435255,20
358,299.2315286349845,20
359,301.1991630838755,20
360,300.2636923565407,20
361,301.4569334958969,20
362,299.0041131105974,20
363,303.6767035260407,20
364,302.72631325134665,20
365,299.9714518433479,20
366,297.07186452507614,20
367,298.98292194508366,20
368,300.3831073461896,20
369,304.16688155537827,20
370,291.5096639019483,20
371,296.1540569037333,20
372,298.18741871731174,20
373,303.7427188802881,20
374,306.1905217768986,20
375,300.30182775338614,20
376,300.26257638659484,20
377,303.2550237317196,20
378,301.61468580209737,20
379,297.6277236063656,20
380,299.716223145397,20
381,302.8581658785606,20
382,302.3532972843216,20
383,304.216481448411,20
384,310.27998195325677,20
385,305.9161466519117,20
386,304.18169157937353,20
387,299.8447219076515,20
388,302.08862482124454,20
389,301.02540728672636,20
390,301.48526647297723,20
391,301.0855795033253,20
392,302.41599627643785,20
393,300.3915098743883,20
394,299.0287487554945,20
395,304.9741351203764,20
396,299.6825244775698,20
397,295.3557437210573,20
398,299.9314242668321,20
399,295.7247859585367,20
400,301.13766887124495,20
401,303.774590540426,20
402,297.7081262871287,20
403,301.6225810609821,20
404,301.3367845256273,20
405,307.728397393965,20
406,302.6436234513141,20
407,301.1987842341023,20
408,300.5243276931697,20
409,302.3673273056435,20
410,303.1381371038915,20
411,302.19499255086106,20
412,302.4347876500886,20
413,303.1770082323165,20
414,303.50931463245456,20
415,301.34167514034874,20
416,297.9498048750024,20
417,309.89311719168825,20
418,301.55246084252826,20
419,308.04880540845807,20
420,316.5074709584161,20
421,310.16892494879914,20
422,305.49647342092715,20
423,305.77053802381687,20
424,312.05875600776545,20
425,307.4431790306799,20
426,300.565154212104,20
427,298.43128718340483,20
428,299.2728751486358,20
429,298.38145823589247,20
430,310.3805349493902,20
431,304.79333641367515,20
432,304.67013041656935,20
433,311.69025565442695,20
434,308.6367341742769,20
435,300.93615385718715,20
436,300.7666749862795,20
437,298.47986663210645,20
438,298.5688968949101,20
439,301.5993889941268,20
440,299.03778335635695,20
441,310.00950406908197,20
442,308.852157957221,20
443,313.96694183755795,20
444,308.8104946981086,20
445,321.59064398077265,20
446,308.22597536949553,20
447,314.1245854120416,20
448,315.4902640411241,20
449,308.9714460354323,20
450,315.5615664569376,20
451,311.2875543244955,20
452,309.0284616299871,20
453,307.68005622902245,20
454,308.0025819246671,20
455,309.4745651253414,20
456,319.23378153939325,20
457,312.5583217307328,20
458,312.8650716603962,20
459,318.51560726588053,20
460,316.99826244687506,20
461,320.0040355891971,20
462,312.55061505291553,20
463,319.63113414356815,20
464,314.23511294958627,20
465,309.2895629827868,20
466,313.3204244208763,20
467,312.23366893133226,20
468,315.87617167670743,20
469,311.79129535091977,20
470,315.8395850516611,20
471,314.14797165156125,20
472,308.03241421449025,20
473,307.31019613667263,20
474,317.0327923038114,20
475,320.1153626527645,20
476,319.45163503904206,20
477,318.49626532403965,20
478,322.2730083999757,20
479,321.96627398739014,20
480,321.21358452183864,20
481,316.5211130024019,20
482,322.92080206129793,20
483,322.4973134822322,20
484,316.7368782064651,20
485,326.1755382337367,20
486,320.3137598335131,20
487,321.63327349375646,20
488,314.24728518332574,20
489,320.92655679590035,20
0,279.51419931627066,30
1,282.3842908259231,30
2,283.34261088735343,30
3,282.8775527995202,30
4,280.5654735025519,30
5,281.0643969779549,30
6,280.35730567326414,30
7,280.61352385349846,30
8,277.2299237584261,30
9,280.12116223787297,30
10,280.9742226056611,30
11,279.86608119804606,30
12,285.1707436669495,30
13,279.4666147928809,30
14,280.33518881370384,30
15,285.1650656335427,30
16,283.8128539756439,30
17,277.1334880569817,30
18,279.6583854527308,30
19,274.7484116213363,30
20,281.55088767050825,30
21,286.69233306997097,30
22,293.45521190840475,30
23,300.38757406222885,30
24,296.17948436836184,30
25,297.31295017410355,30
26,295.93613982619246,30
27,293.8180819306711,30
28,291.37497798509787,30
29,287.9822026897479,30
30,296.7832653038632,30
31,288.5732634321457,30
32,297.4778535423251,30
33,300.2084852561887,30
34,298.95132961644697,30
35,295.4811714099564,30
36,299.2898876249141,30
37,295.2287348768067,30
38,297.3136654928783,30
39,294.6008099399005,30
40,296.42851447770727,30
41,295.31918046822443,30
42,296.9290250865784,30
43,302.43722055657406,30
44,305.0186435742076,30
45,303.7186682433865,30
46,300.5879329618996,30
47,295.16737583222323,30
48,294.83794626973224,30
49,290.0086684898778,30
50,300.4957497583825,30
51,291.82746194620984,30
52,291.5277196279608,30
53,289.80362733494337,30
54,295.577821052089,30
55,294.6423882021295,30
56,296.8849547207369,30
57,296.11221787896864,30
58,299.079233861568,30
59,299.72381371546453,30
60,295.5392752794953,30
61,285.205021377732,30
62,295.9858420466498,30
63,297.32999842595854,30
64,307.7416155298853,30
65,301.81567649755806,30
66,301.2356191306237,30
67,296.31434286361934,30
68,298.8126663445016,30
69,297.84050156823963,30
70,295.23014200992986,30
71,299.32798637602394,30
72,301.4791922074793,30
73,293.4268212214921,30
74,297.1235319264504,30
75,292.0069857380762,30
76,303.13283996882694,30
77,285.4336879478414,30
78,296.39716136344504,30
79,303.79843745951075,30
80,293.60309782434894,30
81,299.7586694816783,30
82,300.2242266463466,30
83,302.17725073477095,30
84,297.96150041519525,30
85,299.7923232183296,30
86,297.30462421702276,30
87,302.7432072698047,30
88,299.78980110948845,30
89,299.61550620669175,30
90,293.6077727168827,30
91,298.17429136077845,30
92,293.3863272267665,30
93,293.4537301507803,30
94,300.2960902534184,30
95,300.33424652816535,30
96,301.0006234457917,30
97,301.3364867170203,30
98,300.18924156204054,30
99,298.5399255580873,30
100,301.8555848961309,30
101,299.3042032706313,30
102,297.0494854280751,30
103,298.69328303176377,30
104,296.64028538741223,30
105,293.2727939666771,30
106,292.63151358865605,30
107,295.0791633505786,30
108,288.8905308702368,30
109,297.08320316068824,30
110,289.3615695240827,30
111,292.90723027112057,30
112,289.9744502485787,30
113,289.9761798965868,30
114,290.239916694989,30
115,288.1606327624835,30
116,297.24073381756824,30
117,285.45328792718675,30
118,280.4568528592405,30
119,286.4664909499169,30
120,287.87924110117626,30
121,281.28512836197956,30
122,281.5353324966486,30
123,277.03556738646233,30
124,287.0022256931439,30
125,279.35758250158585,30
126,281.3440571646522,30
127,291.6591578693394,30
128,280.43015203872443,30
129,294.27264589420116,30
130,288.1373295469811,30
131,286.71846637044723,30
132,282.2067506363381,30
133,282.12688956027824,30
134,286.54869056444437,30
135,290.1729479030292,30
136,286.25890493575116,30
137,284.57186189594705,30
138,282.0387193525137,30
139,285.7135425077957,30
140,288.02512000809287,30
141,282.0374869472011,30
142,291.79432499582936,30
143,290.61336624464167,30
144,281.93217220526543,30
145,282.6835834367374,30
146,283.6925768661099,30
147,292.0165388290663,30
148,283.3695033695093,30
149,296.9345764764595,30
150,296.62836077580215,30
151,296.83115536683914,30
152,301.2411207314689,30
153,292.46956280669514,30
154,298.74478429180806,30
155,299.0570754426711,30
156,290.3395642241938,30
157,289.7688611088912,30
158,291.40475302132353,30
159,296.3197089471692,30
160,291.91274804620366,30
161,301.56586732445237,30
162,296.7734334281424,30
163,301.3861271378892,30
164,294.17076395267173,30
165,301.8542624588355,30
166,300.39186081761306,30
167,299.789471477397,30
168,301.363337773843,30
169,299.3494071199119,30
170,300.3432701620666,30
171,298.9658921020901,30
172,296.6446350847817,30
173,297.0960064212773,30
174,297.9007517741748,30
175,301.1137617648798,30
176,300.2800867001765,30
177,297.83410743457557,30
178,294.4481568769368,30
179,298.6244396905577,30
180,300.3836010965896,30
181,300.1514520819844,30
182,300.1748110670999,30
183,300.1072775146212,30
184,302.79718907258297,30
185,293.8369392010137,30
186,297.4722449768184,30
187,295.7276044974475,30
188,292.46097431411414,30
189,302.37746156591663,30
190,298.8753032880884,30
191,299.04908317608056,30
192,296.53691593356916,30
193,295.33654400145275,30
194,299.47468385016015,30
195,292.14143259129725,30
196,302.18872128178634,30
197,303.1328447285204,30
198,282.2199552715731,30
199,285.59992940051495,30
200,293.87428720558495,30
201,286.8823946244735,30
202,285.3707200494147,30
203,298.2540897735936,30
204,297.4384889481867,30
205,290.3218573953236,30
206,288.7979053668688,30
207,298.9423515041966,30
208,294.0705878779111,30
209,292.67121244537435,30
210,298.4870599601045,30
211,294.2005116247389,30
212,294.45041895636615,30
213,289.11622749673666,30
214,286.9080787965112,30
215,290.3536456463853,30
216,291.022521211587,30
217,289.43213924828325,30
218,298.1091590186245,30
219,299.16410289817014,30
220,301.1250995929184,30
221,294.3783407967895,30
222,294.8398034930933,30
223,303.5989778897651,30
224,298.6650727507398,30
225,297.34271985006023,30
226,298.97846422797363,30
227,295.5535339473279,30
228,295.9839954696642,30
229,292.456857268313,30
230,290.3940765764642,30
231,302.7034282774294,30
232,298.02561771266267,30
233,296.3190836347355,30
234,287.34022382621515,30
235,298.21176516218515,30
236,296.4016522502528,30
237,288.4760252574847,30
238,295.3444312202758,30
239,292.78515355714063,30
240,288.9315400056646,30
241,283.9581933356692,30
242,289.4330055257377,30
243,285.7747790765043,30
244,286.94241189076934,30
245,289.25165899934467,30
246,293.72484854849097,30
247,293.48330595136355,30
248,292.16434654783194,30
249,291.41824039743005,30
250,289.06683703072923,30
251,297.89994155237946,30
252,289.2056341915674,30
253,299.75648719996906,30
254,292.57584273455063,30
255,296.49607688793907,30
256,287.8915989124903,30
257,298.0409808881572,30
258,299.1338339515806,30
259,294.2550221903176,30
260,292.4379467993652,30
261,292.46901446828906,30
262,306.9927286994913,30
263,294.47467198629937,30
264,295.4396737117883,30
265,296.7537658988303,30
266,297.61887664009225,30
267,296.3787018907332,30
268,299.85356984927887,30
269,298.9361317371612,30
270,302.1098150243502,30
271,299.1377577344441,30
272,292.98559832306006,30
273,297.7214123141528,30
274,299.9779762095549,30
275,301.64990169456456,30
276,303.19626177436385,30
277,299.0861470221183,30
278,295.72031713529776,30
279,294.4819483567595,30
280,295.0310871276516,30
281,293.92462914437124,30
282,288.9614672154577,30
283,294.19130911600905,30
284,298.5049594856186,30
285,300.01022617416794,30
286,292.3557502584434,30
287,295.47902495330976,30
288,300.74098458370474,30
289,291.235072418129,30
290,296.08373277061736,30
291,299.2343855201131,30
292,296.73291897446705,30
293,300.3967683463657,30
294,293.4811616476558,30
295,297.34175744238655,30
296,297.01567667571794,30
297,298.68193550155473,30
298,300.1872883627357,30
299,294.2559307614879,30
300,299.5966831705932,30
301,298.95087159808935,30
302,302.4519972171835,30
303,291.46802727723707,30
304,297.3024028023789,30
305,300.3065571535029,30
306,299.15106424584883,30
307,295.29140213428417,30
308,297.25860345347166,30
309,296.4546279849585,30
310,298.27568376072344,30
311,299.137894513605,30
312,299.4968873631374,30
313,298.296818274246,30
314,296.6628238980669,30
315,294.9272893643204,30
316,298.3007158365688,30
317,299.94055236955296,30
318,296.3924214396145,30
319,302.4605548114641,30
320,300.52470514246977,30
321,299.3958652599115,30
322,301.3618930907518,30
323,300.06196801779225,30
324,302.3522500214796,30
325,296.3502453014402,30
326,301.53253438296895,30
327,299.5696233502596,30
328,300.9711449064901,30
329,300.0991111043545,30
330,303.9217582272651,30
331,302.34096442119625,30
332,300.0145274816906,30
333,301.80904641284167,30
334,300.46194670442264,30
335,298.85994061825596,30
336,300.205739714207,30
337,297.0082475002778,30
338,297.64896768077267,30
339,298.97699235992195,30
340,300.29679940615216,30
341,301.25702496557585,30
342,303.0656739872347,30
343,302.09960039989,30
344,303.7717631487151,30
345,297.17413391825056,30
346,300.1317446381071,30
347,299.99093478432764,30
348,301.98307894830174,30
349,300.3972928028163,30
350,298.09753935366285,30
351,297.1099280928362,30
352,301.6907739847859,30
353,298.72728760698317,30
354,300.8297893030896,30
355,300.5485509821389,30
356,303.69834704196427,30
357,300.15002287683234,30
358,303.035849804608,30
359,303.70991675928275,30
360,298.0040925356906,30
361,300.27101556605646,30
362,297.3772799770627,30
363,303.5653385064737,30
364,295.7795705866236,30
365,304.3160593258438,30
366,300.3081208958129,30
367,301.0200633083198,30
368,293.6177936216406,30
369,294.2474243595709,30
370,292.40063501064986,30
371,301.21529015326206,30
372,302.6008554058697,30
373,298.08848312344986,30
374,302.06298119241256,30
375,299.4289656639334,30
376,297.83443680348944,30
377,300.931170053329,30
378,293.219933295108,30
379,299.3446895903157,30
380,298.12250475165916,30
381,303.4585992984926,30
382,303.4295439572671,30
383,301.965638321194,30
384,306.1002590098538,30
385,295.6952584045717,30
386,298.76690717135125,30
387,300.5828081401372,30
388,302.03266276769386,30
389,301.9534296265584,30
390,300.9303061202524,30
391,301.2605061459078,30
392,299.1555026413478,30
393,301.41351627057765,30
394,298.13641306222166,30
395,305.8740075441276,30
396,301.807843608102,30
397,299.3623815973164,30
398,298.8002018364787,30
399,300.1369904706768,30
400,301.95370761635996,30
401,298.6284207453168,30
402,296.03233297561144,30
403,300.4773411278962,30
404,302.3733344341742,30
405,307.8778706048427,30
406,295.02868060799716,30
407,301.32377489981707,30
408,302.37973632646174,30
409,297.64960582989823,30
410,299.3968735113197,30
411,295.9695985414746,30
412,297.8479977887897,30
413,300.74867287214505,30
414,302.1669535570049,30
415,303.74263124720216,30
416,299.2647760205778,30
417,303.30981149943153,30
418,301.4042345829314,30
419,302.3678516682538,30
420,304.5335756669518,30
421,299.33616691765866,30
422,298.2679469550273,30
423,302.69451476831335,30
424,298.77972526954085,30
425,301.7400762061604,30
426,300.93289592945024,30
427,293.27478068415775,30
428,298.87970264177983,30
429,293.1275711228647,30
430,296.320875072156,30
431,301.9061875514931,30
432,294.7855963178078,30
433,298.51524248855884,30
434,306.2231103827461,30
435,299.1069580252976,30
436,299.7774663879061,30
437,301.98112930104844,30
438,293.2283207111188,30
439,293.9296058381032,30
440,303.36977259221493,30
441,302.8915472388232,30
442,300.24964564513954,30
443,293.5163217613842,30
444,296.5095020405545,30
445,299.3888667757929,30
446,299.3649934805531,30
447,300.680361407331,30
448,301.7371324059342,30
449,300.8654184211803,30
450,305.0565230699259,30
451,302.2437517973953,30
452,300.47343879291424,30
453,302.27787006000517,30
454,301.0474119405128,30
455,300.00041575332096,30
456,300.8054178949525,30
457,303.47786140750594,30
458,302.5490148325151,30
459,296.37647087354605,30
460,299.12141936449405,30
461,302.13284081603257,30
462,300.60260826963787,30
463,303.32446015350496,30
464,302.36751100992643,30
465,300.8027097726691,30
466,300.5701288009942,30
467,303.306540110411,30
468,303.6112420231701,30
469,301.4742970596642,30
470,305.273397134919,30
471,302.0706956583153,30
472,297.97752559426755,30
473,300.8834792638971,30
474,300.66608810887203,30
475,300.16411117453964,30
476,294.29144376673173,30
477,298.35337764715763,30
478,299.2972554234207,30
479,300.7488055380973,30
480,300.4608635830312,30
481,300.97834048494866,30
482,297.82010913975034,30
483,303.8102851535884,30
484,301.7380165752268,30
485,296.16891250008644,30
486,302.7340850599046,30
487,300.19171691881036,30
488,298.2708385298211,30
489,300.84511506590763,30
0,270.04949626816943,40
1,279.0051986049636,40
2,279.6154197812831,40
3,276.11930431234657,40
4,284.63519714137857,40
5,279.73454204994147,40
6,280.1003893569107,40
7,279.5750971046792,40
8,277.9807076688569,40
9,275.6433886099928,40
10,277.66427705383296,40
11,279.8242369551385,40
12,279.913250905405,40
13,279.18257455846424,40
14,280.2319378111378,40
15,280.0787606266803,40
16,280.2274645729097,40
17,275.5882650681509,40
18,276.3231032356268,40
19,275.2613404677635,40
20,279.953629663916,40
21,279.83150192650754,40
22,279.29903235984995,40
23,279.86069579118595,40
24,283.34752281799723,40
25,284.96008421920334,40
26,280.99924062123165,40
27,280.2058841462355,40
28,279.9942848404329,40
29,279.23346223336034,40
30,286.75241779953166,40
31,280.19304803571947,40
32,280.08323029656634,40
33,279.94921129805886,40
34,285.56742376202425,40
35,281.33396418935916,40
36,278.0731159671928,40
37,277.1181075353725,40
38,278.2195769102292,40
39,280.1816687942848,40
40,279.65109371020094,40
41,279.0471024167944,40
42,272.51456825093896,40
43,279.91410124843094,40
44,280.29046246457233,40
45,280.8655436997773,40
46,280.321751712142,40
47,280.3753071447275,40
48,281.05566060728756,40
49,280.50389768663916,40
50,280.3331525157018,40
51,280.2894253549866,40
52,280.30887657154807,40
53,282.88851648376277,40
54,298.21785518777506,40
55,300.52317111572404,40
56,301.5249282985414,40
57,301.0094362393327,40
58,299.35523944370726,40
59,296.5523540513203,40
60,300.9489546770907,40
61,300.3996585877584,40
62,295.56033894218774,40
63,287.58052449801943,40
64,282.3955961287687,40
65,293.9434764220022,40
66,298.58093134434233,40
67,293.32936792508616,40
68,299.9365456074534,40
69,284.7221899149182,40
70,296.2208105584285,40
71,281.81471118757725,40
72,282.27339748721835,40
73,285.53068662882356,40
74,279.8222790427211,40
75,280.42600516552375,40
76,283.07627089603795,40
77,292.319819610794,40
78,291.22691284414583,40
79,297.65175093281897,40
80,298.8026170545509,40
81,298.6932185237027,40
82,298.93858668861736,40
83,294.9564942450645,40
84,291.21473233570845,40
85,283.61508208253144,40
86,285.93665044689766,40
87,289.4812611533139,40
88,286.9458875776533,40
89,298.9321910849563,40
90,290.6164629699093,40
91,291.7331028487662,40
92,299.3320805647968,40
93,295.6621660684012,40
94,288.28012199330317,40
95,283.79047957837923,40
96,280.3222895333984,40
97,279.1699333592167,40
98,280.9109609382353,40
99,287.0569822567678,40
100,287.5022742009474,40
101,297.25828544335104,40
102,287.1505202482773,40
103,290.9139514093904,40
104,293.02376660987363,40
105,291.2016790670936,40
106,300.30157365477595,40
107,287.2720826284526,40
108,291.5642118100416,40
109,290.91674330858814,40
110,289.68889066938334,40
111,283.50764425986546,40
112,276.5205070703533,40
113,289.9261233147369,40
114,291.77245513262005,40
115,288.85879081325027,40
116,288.9097953248615,40
117,284.70036596448165,40
118,280.2789702114261,40
119,280.22339293985505,40
120,289.193614776974,40
121,301.69244372059234,40
122,298.30980508904497,40
123,292.9396609317463,40
124,294.8249097755761,40
125,299.09481038966936,40
126,299.15858285084454,40
127,301.58301084070786,40
128,307.2110797415224,40
129,307.24052385145933,40
130,308.79164192854245,40
131,307.8266368759789,40
132,291.75036709182535,40
133,287.6647983884452,40
134,295.17948457616666,40
135,305.7216094296543,40
136,299.0528963292477,40
137,297.47147172376503,40
138,289.2676680630661,40
139,294.1558527185202,40
140,281.0786118635795,40
141,290.5396501805116,40
142,292.51873604438236,40
143,304.1933446596347,40
144,295.5516133335069,40
145,299.519358468295,40
146,299.1423746333942,40
147,302.03201433027283,40
148,298.7193428787915,40
149,298.6046835483071,40
150,286.4889317064641,40
151,290.42485618862776,40
152,285.63043756879136,40
153,281.23362886709987,40
154,283.37452664756717,40
155,297.9834874388115,40
156,295.93072540329524,40
157,285.68395222476886,40
158,287.6309679880701,40
159,291.73822774955784,40
160,287.0707236471255,40
161,289.91237574585705,40
162,284.35516605711524,40
163,285.3586148829763,40
164,286.39523434129603,40
165,284.4493818782522,40
166,284.15074457560235,40
167,277.2514838164726,40
168,288.9716077407604,40
169,286.90243225610647,40
170,283.41791721126515,40
171,292.24733128761466,40
172,291.4861183528067,40
173,284.71808637098934,40
174,282.8500250441115,40
175,284.1754220577393,40
176,289.5698854549734,40
177,294.917493777378,40
178,295.2171155858958,40
179,292.00819918543243,40
180,290.9733776940771,40
181,282.59053016849924,40
182,283.3994557722065,40
183,285.2718454626634,40
184,286.972813232141,40
185,288.09656389273033,40
186,287.7712399207712,40
187,285.5933767692757,40
188,301.17076427589313,40
189,292.2430108415446,40
190,298.48595130389543,40
191,283.0596106100911,40
192,292.2648374099415,40
193,298.1330804681183,40
194,297.8092387743838,40
195,293.9910288914398,40
196,279.674568386862,40
197,288.5333694076593,40
198,295.0584119830604,40
199,292.47610862260547,40
200,289.8472006175094,40
201,280.100727327256,40
202,286.10827152646374,40
203,298.7150034274603,40
204,282.4242985476255,40
205,286.10164487534547,40
206,291.22073790691144,40
207,287.1545200381564,40
208,300.02121344799593,40
209,289.41722119171436,40
210,300.98432352594176,40
211,297.4029061212237,40
212,299.8600732947063,40
213,299.9834378577187,40
214,305.25960927674885,40
215,304.60038534055445,40
216,301.23918658107175,40
217,301.09310316619207,40
218,294.7638572210362,40
219,303.02985713497003,40
220,302.6721052378264,40
221,299.60584208788583,40
222,303.4490249288194,40
223,296.727327663574,40
224,292.04512869601484,40
225,282.6112075403513,40
226,283.47463269132254,40
227,298.18206411027893,40
228,288.42517378829905,40
229,280.5206259788816,40
230,283.65462494815966,40
231,289.2801880157837,40
232,278.52563252180715,40
233,289.0985181035814,40
234,282.8342861668986,40
235,281.4787467567446,40
236,288.2659920307939,40
237,286.0314112390602,40
238,286.0515282416381,40
239,293.8627979738793,40
240,289.58054039501417,40
241,289.21235567255013,40
242,294.3915730320009,40
243,284.9816971964875,40
244,280.22188061157203,40
245,275.60066599918895,40
246,279.09634644480434,40
247,283.1200570733146,40
248,286.34992495061016,40
249,284.27293043571035,40
250,283.7109697839739,40
251,283.04090777004285,40
252,283.8863852920241,40
253,283.0167732741386,40
254,283.05644834405547,40
255,290.7031476888233,40
256,287.4971711568836,40
257,280.49032718009903,40
258,282.2834375708439,40
259,285.4353846644045,40
260,297.44046470202846,40
261,287.6872707414821,40
262,283.6677390999917,40
263,284.18393679062405,40
264,292.7966502735627,40
265,288.953909758545,40
266,287.3818094715348,40
267,283.7273715720213,40
268,284.85883080055805,40
269,275.4791350988606,40
270,282.9258446978661,40
271,281.4941110498465,40
272,282.73536014951077,40
273,289.529519836514,40
274,285.58419754588283,40
275,285.7863731402735,40
276,282.37233067683064,40
277,285.21057079508586,40
278,286.67881070539477,40
279,285.1676048431659,40
280,294.496919652876,40
281,284.7569556229875,40
282,291.1575466692645,40
283,292.2062372453013,40
284,285.1517962214089,40
285,281.21682464440966,40
286,281.28555686355503,40
287,284.436346360172,40
288,283.16954573874335,40
289,286.1979713469828,40
290,289.6444564457816,40
291,285.56670698500045,40
292,283.8545554781111,40
293,282.62649039713824,40
294,284.71080996583476,40
295,283.265584389607,40
296,284.75628427910794,40
297,279.836111422451,40
298,289.76796065464015,40
299,282.9070161493445,40
300,282.3520067983808,40
301,282.0169341185531,40
302,283.89251993769614,40
303,285.348520264062,40
304,281.97210038719936,40
305,282.72862995865125,40
306,281.8515125141421,40
307,281.59676271746383,40
308,286.9503941726196,40
309,282.50360868882376,40
310,282.58397304473897,40
311,282.1408743676214,40
312,283.186955680372,40
313,281.24909089469617,40
314,283.3003580207258,40
315,283.3218920800167,40
316,282.1068498239201,40
317,281.8268821078864,40
318,285.7004487182278,40
319,286.8878047437611,40
320,283.8022101422796,40
321,283.43255602861484,40
322,285.50615247403243,40
323,285.9861745455017,40
324,288.89520455439015,40
325,282.9687651174219,40
326,286.1223244706957,40
327,282.6624527261425,40
328,282.29237648509115,40
329,283.25204283909494,40
330,282.66188417178614,40
331,283.1010966812052,40
332,281.9110019662815,40
333,284.6141333760536,40
334,284.54942005799296,40
335,279.9573022004751,40
336,282.76832517304655,40
337,281.8235247460598,40
338,284.8688540018598,40
339,285.46192720620957,40
340,284.8168890447354,40
341,284.1612225042615,40
342,283.011598789659,40
343,282.8933022561414,40
344,284.0957796155831,40
345,283.91783613367073,40
346,281.5961101658304,40
347,284.08803389705673,40
348,282.3573274828501,40
349,283.5322593315908,40
350,283.3568913606355,40
351,284.4837659359479,40
352,284.66338027988513,40
353,282.09578228596547,40
354,283.08085962143184,40
355,281.55533050862124,40
356,284.21164563674495,40
357,284.39775273926494,40
358,282.1459649514884,40
359,279.39499959550363,40
360,284.1008752755867,40
361,282.4618832591962,40
362,285.9925315286025,40
363,286.76604791471334,40
364,284.7493824188879,40
365,287.3146397206661,40
366,285.8562152002106,40
367,283.1352217403498,40
368,284.005112622175,40
369,285.86546854547885,40
370,284.32377660098194,40
371,284.36434960610194,40
372,281.8914072618579,40
373,279.9558577654827,40
374,285.7008131116716,40
375,282.3698733407632,40
376,284.6420842434179,40
377,282.0244153632411,40
378,286.1666692226814,40
379,286.80702672946967,40
380,281.8393258081817,40
381,281.22734244290336,40
382,285.12625578782996,40
383,283.42614229555886,40
384,281.21347836885485,40
385,284.61114349256087,40
386,284.84176120025927,40
387,284.76884903553616,40
388,283.8448489756954,40
389,284.7618651255013,40
390,286.28468854314536,40
391,284.63983593774475,40
392,285.0105381927359,40
393,285.47820737696526,40
394,284.75532010312406,40
395,282.5183238577377,40
396,284.5594879669461,40
397,285.27331797032366,40
398,286.48305953319095,40
399,284.9185457314717,40
400,284.05459877401535,40
401,284.7913571016058,40
402,284.4505866177036,40
403,283.50836174472084,40
404,286.7176913198302,40
405,286.6594358162085,40
406,283.80427301482723,40
407,283.22250042279546,40
408,280.3929914234757,40
409,282.4673046172311,40
410,283.45145167221926,40
411,282.5531031727443,40
412,283.8143985660925,40
413,281.8878899628665,40
414,283.26480874076015,40
415,282.12595270971883,40
416,282.2224225471934,40
417,286.32254192672764,40
418,283.7700430613623,40
419,281.66801947514455,40
420,282.1548147191733,40
421,286.3536677527575,40
422,283.3312687810918,40
423,284.00428978009853,40
424,280.8954521648639,40
425,283.4251707953841,40
426,282.5356027780873,40
427,285.10351213277596,40
428,283.38312924573756,40
429,282.5917074789549,40
430,286.19097668261463,40
431,285.8578018932782,40
432,284.5724350975725,40
433,284.1611533045022,40
434,283.42125359778765,40
435,285.4405645943208,40
436,280.58104679070556,40
437,284.2987033015506,40
438,281.8801321783161,40
439,285.5963618921898,40
440,287.1208959739903,40
441,284.34195731802356,40
442,284.9570173320755,40
443,284.6087805911416,40
444,283.1844992997819,40
445,284.1842226008913,40
446,284.81433393486736,40
447,283.95026909620697,40
448,281.44837306858784,40
449,285.41945921871087,40
450,283.0527520957758,40
451,284.61961870713196,40
452,281.53995305251544,40
453,283.23763160695785,40
454,284.9508639801696,40
455,282.7362360955018,40
456,282.15227625658736,40
457,281.7120455631597,40
458,285.7170845405154,40
459,282.3860216536286,40
460,284.9058212082688,40
461,280.79286104687884,40
462,282.70761499829354,40
463,283.5665092449736,40
464,285.242697204942,40
465,284.5103922551042,40
466,287.34777338775336,40
467,286.53246676815286,40
468,286.560087798356,40
469,283.80797780688647,40
470,282.7412819345168,40
471,285.1865691849014,40
472,286.91854554976226,40
473,284.06376322790726,40
474,282.497430243355,40
475,286.88770615339064,40
476,282.66489192077023,40
477,284.6495889558963,40
478,281.8050578440289,40
479,287.3742628747156,40
480,286.4169721371912,40
481,283.6388943119495,40
482,282.7467028380183,40
483,284.0707358510106,40
484,278.48918216702333,40
485,284.0321254588837,40
486,282.86141719416594,40
487,282.19379103628023,40
488,288.46584906657773,40
489,284.16278495722446,40
0,284.8152635711711,50
1,291.75299473403743,50
2,286.62404859321134,50
3,283.5118286787104,50
4,281.5943933155042,50
5,278.20853684282577,50
6,271.49852026885316,50
7,268.27657250959464,50
8,272.3914946372714,50
9,272.22107677314614,50
10,276.78906617081964,50
11,281.514631911351,50
12,284.3498953158947,50
13,285.2683931327928,50
14,283.39510600253317,50
15,280.918813793543,50
16,279.3981360098985,50
17,280.8105513406741,50
18,280.73563241901775,50
19,283.10209277027843,50
20,286.5398247401589,50
21,287.21772684353476,50
22,285.9541011149792,50
23,285.4496406783788,50
24,287.5132025372837,50
25,287.23588267847987,50
26,281.7058846972934,50
27,282.88087149338037,50
28,290.6610115444847,50
29,285.62381623043467,50
30,284.0516702441427,50
31,286.41365572469755,50
32,285.91267134228224,50
33,298.74301880420154,50
34,295.30420824604704,50
35,294.00964592639457,50
36,292.27981489843495,50
37,291.008035766229,50
38,289.8139846430965,50
39,285.2134341306822,50
40,284.8107462382623,50
41,279.3957681649215,50
42,281.8943754066228,50
43,282.0005757910138,50
44,281.8370064639943,50
45,282.04305008056406,50
46,283.80210558912086,50
47,285.1715381182447,50
48,285.1531663464168,50
49,285.1446776805207,50
50,285.09142732417416,50
51,285.0999513051813,50
52,285.11681228115543,50
53,284.9977354096519,50
54,284.96241941070775,50
55,284.93910977798157,50
56,286.87754137034693,50
57,291.1421742854411,50
58,303.8133035591605,50
59,306.18077403686544,50
60,305.68145129520076,50
61,305.70300712488296,50
62,303.99700535898813,50
63,301.30037979191405,50
64,300.3251973270949,50
65,299.4376067717325,50
66,302.4001081879446,50
67,303.97514762094073,50
68,302.8908177796824,50
69,300.36258627722606,50
70,300.0021818820942,50
71,300.4145020928279,50
72,300.76681440072537,50
73,298.93190748454293,50
74,295.5027920647236,50
75,295.22062430969675,50
76,308.2566841519294,50
77,309.9505471292291,50
78,300.53288876083775,50
79,303.4841914395961,50
80,291.6835722176289,50
81,283.1800787169428,50
82,287.3748019748618,50
83,300.72375914433906,50
84,294.10296937959396,50
85,301.3065372791816,50
86,297.7657230120739,50
87,289.0321706673755,50
88,285.048258019573,50
89,275.9708599075603,50
90,284.44914931892146,50
91,294.0449313248201,50
92,294.3578656613925,50
93,291.1652150627119,50
94,293.5534147729101,50
95,311.99608471033577,50
96,302.147611119437,50
97,313.0552939499187,50
98,301.8018242715966,50
99,286.06521463698795,50
100,275.7216344253495,50
101,282.25696605861464,50
102,295.4309164511189,50
103,292.59372590441075,50
104,300.1204713955385,50
105,297.8685415672275,50
106,296.0730821092305,50
107,288.71225898923296,50
108,296.58045906200715,50
109,285.1033102549766,50
110,300.72335028328075,50
111,299.78532573549785,50
112,295.0264766212364,50
113,299.3595456132949,50
114,301.820169532044,50
115,299.70002512567896,50
116,297.2511611336897,50
117,300.62296609552584,50
118,298.03938742410617,50
119,296.87702449156154,50
120,294.8714397233429,50
121,298.3525353003597,50
122,302.5865943775983,50
123,298.9074578281505,50
124,297.31430060835464,50
125,297.1438267984339,50
126,295.8305776375805,50
127,300.4481200667139,50
128,299.9072138562944,50
129,301.55153815166597,50
130,299.0579057122981,50
131,301.4912035690331,50
132,299.8788860178949,50
133,298.7717485447171,50
134,300.8603358527739,50
135,302.7963656518631,50
136,302.28351970400354,50
137,297.4952915527026,50
138,298.53179714928024,50
139,298.8201999555563,50
140,296.6429361844153,50
141,305.42620906395246,50
142,305.59122646621057,50
143,296.14358546881834,50
144,304.6434972491411,50
145,299.74829478389955,50
146,303.99783693685856,50
147,302.3257419482735,50
148,294.4677578716399,50
149,300.2645850708252,50
150,300.7912754338816,50
151,298.1172935162469,50
152,299.6931514377471,50
153,299.80235781295147,50
154,301.2086626143752,50
155,300.3321643014872,50
156,304.1596376534257,50
157,303.1809841810578,50
158,299.58788057981496,50
159,301.4875229874626,50
160,299.6849047856809,50
161,298.92449668235406,50
162,301.3869376369673,50
163,298.5602668734966,50
164,299.8209296797253,50
165,299.73088770202264,50
166,298.6204812779499,50
167,300.1585669984573,50
168,298.4824061134046,50
169,298.55553014632125,50
170,301.5400665426618,50
171,299.65303028929594,50
172,299.14733969319775,50
173,302.2751054573975,50
174,300.1717329667387,50
175,302.1368182256527,50
176,300.18751643960957,50
177,294.21855579037594,50
178,295.24792221107276,50
179,299.2910825816503,50
180,302.64295137062715,50
181,299.62488228846473,50
182,299.67084112923254,50
183,298.8251765740899,50
184,297.43632282535856,50
185,300.2395024017567,50
186,297.55623233236196,50
187,294.95214900275164,50
188,301.45853882728255,50
189,299.56422603416416,50
190,298.03780233460657,50
191,296.0419609554809,50
192,296.17571012755025,50
193,300.9357471350317,50
194,297.98799660096086,50
195,298.2029561730335,50
196,289.7998706326736,50
197,298.9423883144651,50
198,301.19672702639383,50
199,299.52802592042804,50
200,296.78108686500417,50
201,301.2307294623609,50
202,304.37903660343534,50
203,299.4882447983933,50
204,298.7011154071733,50
205,292.4800812298405,50
206,298.60919536942976,50
207,301.9621257795255,50
208,299.3512754235061,50
209,301.0286463562557,50
210,302.01284319562075,50
211,296.10067113326943,50
212,298.04731607638996,50
213,300.27222492982,50
214,301.8685066304498,50
215,303.24513413780153,50
216,298.4139856424474,50
217,299.2273657802948,50
218,297.67294578321264,50
219,296.05768662934804,50
220,297.5094514030776,50
221,297.53993991193306,50
222,297.72794015141164,50
223,301.15552421387696,50
224,295.97323994022116,50
225,300.60095716249276,50
226,297.0942604599753,50
227,295.25905969755553,50
228,298.0051881332698,50
229,298.7355463014988,50
230,294.96177312700854,50
231,298.35155099171635,50
232,300.39968062901164,50
233,296.9704733379351,50
234,294.39537347799944,50
235,296.0551917289806,50
236,299.0944416597508,50
237,304.50392949736306,50
238,303.67712201772866,50
239,303.53672116127996,50
240,302.4010312184215,50
241,298.9102482155721,50
242,296.6838494284657,50
243,292.2302278025059,50
244,300.97253474188904,50
245,294.9979175526866,50
246,299.96166757843486,50
247,298.2125975185286,50
248,297.3631087775717,50
249,299.0838822997413,50
250,304.6376391342351,50
251,302.77512252254,50
252,294.6214830853064,50
253,293.65686913958706,50
254,299.4376717728961,50
255,297.78999385264734,50
256,296.70096413205533,50
257,291.8238390310096,50
258,299.6463998537074,50
259,300.9226077050444,50
260,297.60937136052326,50
261,302.9388676416364,50
262,299.5310052607288,50
263,291.16326197933637,50
264,294.1281718176946,50
265,295.50758467936197,50
266,300.2807823766881,50
267,294.6927075730653,50
268,301.1043670984401,50
269,302.6203119803572,50
270,291.3139374701215,50
271,294.86261778153175,50
272,293.98323282377584,50
273,295.527488011251,50
274,294.88512913493975,50
275,294.0715347021679,50
276,286.9930136931605,50
277,288.977616034368,50
278,292.9111964065373,50
279,296.80778533330823,50
280,295.9946817891233,50
281,293.7709034367391,50
282,289.3906018626499,50
283,296.020623016169,50
284,299.2176034886345,50
285,301.8985802591246,50
286,292.6647573133994,50
287,298.2441761868182,50
288,299.64061194880685,50
289,301.3376892427901,50
290,294.3254674342391,50
291,298.7612151969895,50
292,300.832815071032,50
293,297.2140245425173,50
294,302.70238510470995,50
295,299.3297650778092,50
296,297.54143890459534,50
297,296.5912980111829,50
298,301.2200670669695,50
299,300.36344919379826,50
300,300.4423777143741,50
301,298.64361719859806,50
302,294.40439786578,50
303,298.6765610055983,50
304,298.2440956247231,50
305,297.3202185127378,50
306,291.61467755228813,50
307,302.0711893112761,50
308,300.9926722443363,50
309,293.2143463497823,50
310,297.37368020402187,50
311,296.44199968867434,50
312,295.23225009632966,50
313,299.11628422057487,50
314,300.24320896569157,50
315,303.7087164525969,50
316,298.08468148604453,50
317,299.45610938487437,50
318,295.76838232775555,50
319,296.16288901847975,50
320,290.84225679372753,50
321,297.1489534947656,50
322,296.0408152570469,50
323,294.7121804128016,50
324,297.43276017419356,50
325,298.02857294235037,50
326,298.5869710601606,50
327,304.4940333640381,50
328,303.16435513571014,50
329,303.18666994619826,50
330,296.4381407147874,50
331,298.95116452628133,50
332,303.6572099338779,50
333,300.8221792211111,50
334,299.6017516798678,50
335,299.5898824533302,50
336,295.6757925949775,50
337,295.0638323886972,50
338,298.7792546659406,50
339,297.7481632376976,50
340,298.05206330116295,50
341,299.2928064807719,50
342,296.66443761178715,50
343,293.0988001390763,50
344,300.8050924136691,50
345,296.30973658299445,50
346,297.0034731026871,50
347,290.1957369565641,50
348,297.8429091530324,50
349,303.12403822247313,50
350,301.8596094367324,50
351,301.1748854864778,50
352,300.536132908519,50
353,302.92164090910416,50
354,299.4840968551905,50
355,303.45898441633204,50
356,301.50322204265416,50
357,302.6079271987607,50
358,300.46349309482235,50
359,305.1081343042181,50
360,299.2669270185993,50
361,298.0822458751007,50
362,297.0519536958813,50
363,298.71676909746196,50
364,296.3011114540728,50
365,299.48152774218596,50
366,300.6203263702311,50
367,301.44643046333636,50
368,304.1339290007433,50
369,299.3359726944521,50
370,296.5012473930764,50
371,295.836785127652,50
372,301.31433117726016,50
373,302.40876088156386,50
374,299.22072735112914,50
375,301.4540744955829,50
376,302.0989420962676,50
377,301.9773253684441,50
378,298.6078304025774,50
379,303.98821516182835,50
380,299.13508554066465,50
381,300.8134389800767,50
382,297.84960440964267,50
383,300.6511428864108,50
384,299.98626878808244,50
385,300.28155110019924,50
386,300.99947338698786,50
387,300.870268933284,50
388,301.29003348511856,50
389,297.27058925716045,50
390,302.1133932764852,50
391,297.7259083363361,50
392,298.93282321167436,50
393,297.66998399727015,50
394,299.61869649307346,50
395,297.83443308508595,50
396,301.14941750068016,50
397,301.366785826596,50
398,301.6150560683654,50
399,298.6116901577011,50
400,300.6213957909197,50
401,302.11307304819013,50
402,301.0707112906224,50
403,299.8419842351962,50
404,300.2046957167187,50
405,301.3789146252299,50
406,296.6216758912608,50
407,301.3543433353348,50
408,303.7444740594934,50
409,297.87462369132476,50
410,302.23729051593114,50
411,294.8821975900561,50
412,302.39499163660173,50
413,299.44933174930134,50
414,301.78826403033736,50
415,297.9302143908466,50
416,297.63112280531726,50
417,304.6695945775073,50
418,302.1173317820641,50
419,303.51436242443464,50
420,301.17799665728137,50
421,303.23706312076996,50
422,298.3522648181568,50
423,300.42408908126816,50
424,299.5969703275802,50
425,300.15920890615985,50
426,294.4484411868665,50
427,299.83440115231497,50
428,293.22099725372465,50
429,296.77155652360847,50
430,295.0978693980251,50
431,298.6616735651978,50
432,294.84950428631043,50
433,286.53307573014695,50
434,291.88411424361556,50
435,285.4688037376404,50
436,288.00732890985626,50
437,284.78582876663876,50
438,295.87006452161614,50
439,292.89467762677094,50
440,292.30589615453937,50
441,293.3526056780576,50
442,297.788056772776,50
443,293.5589441833605,50
444,296.1631853287801,50
445,297.2435732217164,50
446,301.56290167425317,50
447,300.8777580505284,50
448,301.11897703142233,50
449,297.6631967011796,50
450,299.10454540888253,50
451,295.05891938892574,50
452,296.1741227698611,50
453,295.7731101515398,50
454,292.73306330482666,50
455,289.8066423797414,50
456,294.8868248488799,50
457,299.163837115066,50
458,298.6983379527891,50
459,293.4500664147907,50
460,296.99011302721607,50
461,301.2208033454651,50
462,291.20714885370205,50
463,293.1052291747158,50
464,298.59444276583474,50
465,294.5716667024877,50
466,300.60240425691126,50
467,293.0541453097655,50
468,298.24437392433776,50
469,294.9461982445632,50
470,293.59992369087394,50
471,292.01639816011254,50
472,288.7297167134714,50
473,291.80987808650383,50
474,300.4088888387134,50
475,290.293007002137,50
476,288.58514811807413,50
477,287.80256984136224,50
478,288.0547704328371,50
479,301.2783908960162,50
480,296.78335511188243,50
481,290.38310603306894,50
482,296.35600519038803,50
483,298.51111455494544,50
484,300.8706923866477,50
485,303.08770219048563,50
486,303.97579216539214,50
487,296.5338544352378,50
488,292.543804780306,50
489,298.65172848872857,50
0,265.27199583422095,60
1,265.7883130603459,60
2,272.83213081820827,60
3,274.59025770311854,60
4,273.7376508378988,60
5,273.730790027602,60
6,271.786353215681,60
7,266.7325195744792,60
8,273.50134816070755,60
9,279.0936793822269,60
10,278.91286359777206,60
11,278.88825599260963,60
12,278.88197615898423,60
13,278.8766453452776,60
14,278.87328578831824,60
15,278.49931596215515,60
16,278.10805330988234,60
17,278.36006404062476,60
18,278.41026356124775,60
19,278.6036176215203,60
20,278.1315211150906,60
21,277.57404551959047,60
22,277.71658279292484,60
23,278.14034600754394,60
24,277.9823047389407,60
25,278.21943990166835,60
26,278.0433904878038,60
27,277.88210827665904,60
28,278.46344870877596,60
29,278.3226071789306,60
30,278.3258252999956,60
31,278.33878406873026,60
32,278.3693094544342,60
33,276.82015311052066,60
34,269.12302761827686,60
35,264.3779492112947,60
36,264.1405384744207,60
37,264.1695698074207,60
38,264.24637989627405,60
39,264.32288778548894,60
40,263.67750139885027,60
41,263.882835362473,60
42,263.34328763007954,60
43,262.31135371847193,60
44,262.31579707400573,60
45,262.3266816735235,60
46,262.34393426072944,60
47,262.34507612417957,60
48,262.3543426896018,60
49,262.3654121307822,60
50,262.36525666012943,60
51,262.3558170909373,60
52,262.3585933650643,60
53,262.3572423261524,60
54,262.3649153806047,60
55,262.3661824865295,60
56,262.3661938446557,60
57,262.3725768796981,60
58,262.3662363628904,60
59,262.3635926741897,60
60,262.3480961988735,60
61,262.3549690649984,60
62,262.3726951709394,60
63,262.36603096886887,60
64,262.3612629253583,60
65,262.3682977952932,60
66,262.36591625028655,60
67,262.36703358825525,60
68,262.3559888336695,60
69,262.67392815067495,60
70,265.8938358725918,60
71,266.78012386170064,60
72,276.10076131165977,60
73,286.4687936960687,60
74,307.2423062172802,60
75,312.6960654192201,60
76,312.76489415159034,60
77,322.44490365321514,60
78,342.869937290698,60
79,355.41185983250205,60
80,355.5549349951966,60
81,355.7195461830652,60
82,357.04309923531275,60
83,358.90882359764873,60
84,359.1031620510647,60
85,359.1329854045859,60
86,359.10365706847443,60
87,359.0334071997251,60
88,359.126645665114,60
89,359.11279594978635,60
90,359.0900327873709,60
91,359.1269093010732,60
92,359.1369735874291,60
93,359.0199812667,60
94,358.9799866072106,60
95,359.12296927345653,60
96,79.83539530346356,60
97,13.230200202583992,60
98,16.414109850976704,60
99,17.9006302500732,60
100,19.48818108800388,60
101,19.895530338377498,60
102,20.75174183886165,60
103,25.544301641849437,60
104,33.22772766368312,60
105,35.931880429529905,60
106,37.55049591706177,60
107,41.21164778666093,60
108,49.65430184553293,60
109,57.76010727657268,60
110,63.34649874772936,60
111,76.04236166490983,60
112,79.31774760564845,60
113,79.18772143939127,60
114,83.53217995319453,60
115,82.29783501248382,60
116,83.63468582410644,60
117,84.168682614474,60
118,83.42104220986683,60
119,81.52788137123842,60
120,79.97357423845915,60
121,79.46482122456263,60
122,78.01189757448084,60
123,77.6851885207115,60
124,78.84447978988173,60
125,80.63350714522208,60
126,80.22361217056846,60
127,79.07581646434672,60
128,79.77507362960327,60
129,81.36004644427223,60
130,81.80232078301364,60
131,82.0489040940962,60
132,83.190946298814,60
133,83.93922309900267,60
134,81.21231588309423,60
135,82.28821611058355,60
136,79.54766980251216,60
137,78.33347407728691,60
138,79.58486371439541,60
139,79.32335172590126,60
140,80.4058077165002,60
141,80.83864609545284,60
142,79.77458410079431,60
143,78.95908678902867,60
144,78.96133072102047,60
145,78.85128018882868,60
146,78.87335568525799,60
147,78.66530985392261,60
148,78.57815717589254,60
149,78.3639403584101,60
150,78.1194989655272,60
151,78.26515382680788,60
152,78.45868061338048,60
153,78.3794206681928,60
154,78.3899964794504,60
155,78.37998815452751,60
156,78.40333685438284,60
157,78.38999529358004,60
158,78.25509508894622,60
159,78.12683144885449,60
160,78.12330564976868,60
161,78.13258204071198,60
162,78.13003389778494,60
163,78.13755112386838,60
164,78.1561253915511,60
165,78.13016924200193,60
166,78.12330933856838,60
167,78.13995687738645,60
168,78.1296515836827,60
169,78.05729673575414,60
170,78.11276914883435,60
171,78.11697128542491,60
172,78.11298588005312,60
173,78.10329940003886,60
174,78.11331014018745,60
175,78.12708818781971,60
176,78.13334725095177,60
177,78.11333968622213,60
178,78.12001091242175,60
179,78.12001098812458,60
180,78.10665816186504,60
181,78.11331799503292,60
182,78.10998686735148,60
183,78.1332906987166,60
184,78.11331695967345,60
185,78.11331678450371,60
186,78.10998789030823,60
187,78.11646120758216,60
188,78.11017199081662,60
189,78.1133167128098,60
190,78.12903018322002,60
191,78.12432704264218,60
192,78.13001603572646,60
193,78.14407407747635,60
194,78.1457547019087,60
195,78.13755044271105,60
196,78.1148328788808,60
197,78.12148698548144,60
198,78.1030589218903,60
199,78.12334578499055,60
200,78.0971264157416,60
201,78.10286854706378,60
202,78.10666911918153,60
203,78.13335131649004,60
204,78.14653666421778,60
205,78.16050284560872,60
206,78.15638124677952,60
207,77.75445561624647,60
208,77.7463000599629,60
209,77.83601616110577,60
210,77.8273143943569,60
211,77.86357111482887,60
212,77.75266481022713,60
213,77.65726700096,60
214,77.75955522258633,60
215,77.79097119181141,60
216,77.80615464929433,60
217,77.78692952723667,60
218,77.79239926310538,60
219,77.79070885046875,60
220,77.7462943229503,60
221,77.63574672200446,60
222,77.64047281582451,60
223,77.66014659546931,60
224,77.7105779350146,60
225,77.78303910651418,60
226,77.79666747189616,60
227,77.78665570002534,60
228,77.78911592018748,60
229,77.77753487268123,60
230,77.79333215925362,60
231,77.80000096584806,60
232,77.81001274067484,60
233,77.80667343565985,60
234,77.80333818344786,60
235,77.81000951596027,60
236,77.7899889868269,60
237,77.78999343421839,60
238,77.80000018139938,60
239,77.78999535889993,60
240,77.79262733290678,60
241,77.7940590801924,60
242,77.78973636257078,60
243,77.79361189035588,60
244,77.80000305175781,60
245,77.79001257023587,60
246,77.80000331646707,60
247,77.80000280960952,60
248,77.81331982130261,60
249,77.70966703587156,60
250,77.74397928484184,60
251,77.79307816995154,60
252,77.7933319180594,60
253,77.77999265935958,60
254,77.78999142883698,60
255,77.79666749368045,60
256,77.80292011368493,60
257,77.8004197888472,60
258,77.80667375437415,60
259,77.80000253526056,60
260,77.80333837115978,60
261,77.79666748242373,60
262,77.80667354141582,60
263,77.79666773790433,60
264,77.79666958486693,60
265,77.80000305175781,60
266,77.80000359774704,60
267,77.79333192893525,60
268,77.79333189980461,60
269,77.80333774872395,60
270,77.7900132407245,60
271,77.80666129719532,60
272,77.81353120598493,60
273,77.82335352420708,60
274,77.82305927068592,60
275,77.82613668256906,60
276,77.82714125061938,60
277,77.83373995209458,60
278,77.83618987712137,60
279,77.81635629955906,60
280,77.82364245125017,60
281,77.820020300475,60
282,77.82001665482811,60
283,77.83669542276667,60
284,77.81040286773126,60
285,77.81247773750042,60
286,77.83382871359797,60
287,77.81645213338169,60
288,77.83358590702947,60
289,77.85635288837824,60
290,77.86059202854794,60
291,77.88613449334984,60
292,77.91665045143574,60
293,78.0000363768654,60
294,78.17360468397658,60
295,78.22342481520273,60
296,78.1287750332945,60
297,78.09828557501653,60
298,78.18774470364295,60
299,77.9634054080226,60
300,77.87729725309093,60
301,77.82335251785696,60
302,77.69465972860672,60
303,77.80786491925478,60
304,77.81139228531293,60
305,77.73156635615717,60
306,77.91611352853587,60
307,77.83698661180526,60
308,77.81633535169459,60
309,77.87373047817385,60
310,77.80000197644497,60
311,77.80707411397606,60
312,77.83249166495621,60
313,77.86667507923931,60
314,77.88366807746901,60
315,77.89333079135285,60
316,77.88665925171154,60
317,77.88666098564268,60
318,77.89333141774134,60
319,77.89333087735581,60
320,77.87669897094914,60
321,77.87669281941388,60
322,77.89386575654662,60
323,77.88949119320175,60
324,77.89292236785624,60
325,77.86712491020158,60
326,77.8900118409119,60
327,77.89334178345189,60
328,77.90333132638496,60
329,77.74243482898137,60
330,77.75050131426813,60
331,77.99069724452072,60
332,78.03060286352081,60
333,78.01995514939954,60
334,78.06028458524014,60
335,78.03282014481464,60
336,78.05049808521377,60
337,78.01914898138749,60
338,77.88994210013361,60
339,77.89669056605455,60
340,77.88703338937628,60
341,78.02575357523799,60
342,78.38665816916885,60
343,78.38090248942697,60
344,77.96072418020923,60
345,78.08569898259151,60
346,78.42506909261684,60
347,78.4989220172642,60
348,78.11333942081254,60
349,78.13600134735913,60
350,78.1765116704219,60
351,78.15403418981778,60
352,77.97791932417772,60
353,78.19410121763427,60
354,78.41721003584676,60
355,80.52614668844102,60
356,81.26704405534366,60
357,81.1463297180209,60
358,81.139796177998,60
359,80.9091109142026,60
360,80.8100082026426,60
361,80.76561607403383,60
362,80.56052017474097,60
363,80.07622035041406,60
364,80.22677239911586,60
365,80.12284134017462,60
366,80.10544376337036,60
367,80.1012198203824,60
368,80.1103344670299,60
369,80.10324897973489,60
370,79.98966055293994,60
371,79.98703085996324,60
372,79.81991081936307,60
373,79.65362680807613,60
374,79.83690968892495,60
375,79.89271139453571,60
376,79.89397253164137,60
377,79.80814235349771,60
378,79.66663197925902,60
379,79.66431347191974,60
380,79.66899306202527,60
381,79.6543266307562,60
382,79.66587695845823,60
383,79.65392505305097,60
384,79.65330214526324,60
385,79.6566376335401,60
386,79.68999221298797,60
387,79.68332106703407,60
388,79.68999130121324,60
389,79.68332191954538,60
390,79.69333058330604,60
391,79.6899910435031,60
392,79.6929051795631,60
393,79.60374877287977,60
394,79.56998057133644,60
395,79.30015457432495,60
396,79.12990651311445,60
397,79.08727518126253,60
398,79.10333600568578,60
399,79.11269184047126,60
400,79.10398752055916,60
401,79.1033301034216,60
402,79.04719074106791,60
403,79.0728928103163,60
404,79.14958296551676,60
405,79.15416908901898,60
406,79.15972519823539,60
407,79.1727015794043,60
408,79.13613182215917,60
409,79.10405064827854,60
410,79.13076696416803,60
411,79.09924188397412,60
412,79.06930604855484,60
413,79.1310851118695,60
414,79.19332631561005,60
415,79.18999634626084,60
416,79.19333351099408,60
417,79.18282402441956,60
418,79.07690724769866,60
419,78.99290023615073,60
420,79.02377608677304,60
421,78.97331601911358,60
422,79.01334125641402,60
423,79.0100068487649,60
424,79.01029591409319,60
425,78.98003637611403,60
426,78.96631006825392,60
427,78.98665806394904,60
428,78.97998607056856,60
429,78.95330530924863,60
430,78.9498430561164,60
431,78.95421786754153,60
432,78.9760727002669,60
433,87.08624887900169,60
434,87.89442581478934,60
435,88.12617482728201,60
436,88.42370189057857,60
437,88.18503771778923,60
438,87.09443638664898,60
439,86.81961574016145,60
440,86.88377985341776,60
441,86.89692733134795,60
442,86.89001978171184,60
443,85.15196117175799,60
444,163.16484945710798,60
445,226.26579221318866,60
446,226.25509929904413,60
447,226.26283398836486,60
448,247.16311751566525,60
449,307.8541358525817,60
450,325.8036748347827,60
451,325.6966766507319,60
452,325.4147831871274,60
453,325.23272130118596,60
454,325.22687507840743,60
455,325.31283283444003,60
456,306.17246842717066,60
457,305.74431263326363,60
458,306.0499066511069,60
459,306.08512283103425,60
460,305.83521784212985,60
461,305.1231074153017,60
462,305.1500578202789,60
463,305.13633011010035,60
464,305.14328612141657,60
465,305.1391176789905,60
466,305.14865783953024,60
467,305.14578609013495,60
468,305.1291717841863,60
469,305.1409902041201,60
470,305.13023368870586,60
471,305.1416971707672,60
472,305.1322567588086,60
473,305.13519269584936,60
474,305.12686641304043,60
475,305.12784957835544,60
476,305.1391528198866,60
477,305.13710434239914,60
478,305.1457274081713,60
479,305.1444578883997,60
480,305.17674400227406,60
481,305.16894795295866,60
482,305.16390539807765,60
483,305.15957896625633,60
484,305.102587551173,60
485,305.1166412973067,60
486,305.102875994487,60
487,305.1142554972646,60
488,305.1013230146622,60
489,305.0531576162384,60
0,275.5390195467725,70
1,275.1758346279643,70
2,275.13788779755475,70
3,274.9004345688189,70
4,274.61610668536173,70
5,274.6370165449922,70
6,274.6444695930799,70
7,274.6557842217569,70
8,274.9363115688401,70
9,275.2003158476163,70
10,275.1464748685701,70
11,275.13978215242935,70
12,275.16919003276655,70
13,275.0755931083359,70
14,276.25351227523686,70
15,277.16300251378976,70
16,276.82663765192865,70
17,276.79975897441716,70
18,276.69596123304143,70
19,275.32634674344985,70
20,275.0050594667879,70
21,275.1233375717415,70
22,275.1564520139112,70
23,275.61394619273165,70
24,275.42112885901093,70
25,275.32583329041717,70
26,275.2544502626002,70
27,275.49477465557584,70
28,275.69765409486985,70
29,275.6822731859664,70
30,275.55285688086275,70
31,275.51145888228643,70
32,275.4962810386072,70
33,275.48469319141657,70
34,275.47591484195283,70
35,275.4737270781606,70
36,275.46095162953833,70
37,275.4707377064035,70
38,275.4822304274844,70
39,275.3876541788336,70
40,275.38227618911327,70
41,275.51749027871864,70
42,275.4242914217888,70
43,275.35956768779283,70
44,275.33382419958133,70
45,275.4098590171689,70
46,275.71117760260466,70
47,275.7990676560935,70
48,275.73480648519677,70
49,275.735312938226,70
50,275.8489976942892,70
51,280.09740698204087,70
52,282.208184694886,70
53,285.2559622347962,70
54,286.4115396720911,70
55,286.40873872318394,70
56,286.46219193516595,70
57,287.11011397909886,70
58,290.96289374294463,70
59,303.27180527399145,70
60,316.17371802720595,70
61,316.33736667826787,70
62,316.50813494862996,70
63,318.2650842672668,70
64,322.28550924834104,70
65,322.2520096366615,70
66,322.19833892158726,70
67,322.0304167157474,70
68,321.26289155780984,70
69,318.9933360871225,70
70,318.4735554561019,70
71,317.0656894517118,70
72,315.42184486721794,70
73,316.0673218270495,70
74,339.74092233480434,70
75,335.7084395851768,70
76,335.66739006116677,70
77,334.0779286036149,70
78,332.44654020557476,70
79,321.8532109532909,70
80,310.20124416099605,70
81,310.3597450596716,70
82,310.27836993549164,70
83,310.1255640136842,70
84,313.4589942481197,70
85,316.92913754003695,70
86,326.37315166805763,70
87,327.5376481883914,70
88,327.66698918908327,70
89,335.9006682242099,70
90,335.4850004914203,70
91,332.33040100443327,70
92,334.7553123149113,70
93,337.7318756567238,70
94,337.84780624099915,70
95,341.28281207536105,70
96,342.0861496218399,70
97,337.69908180761814,70
98,335.8943858926285,70
99,335.70984134340347,70
100,330.63987703767117,70
101,322.4888108022539,70
102,308.4461788273162,70
103,329.1238279578294,70
104,328.6932429581829,70
105,334.1621778599721,70
106,315.0288050110812,70
107,313.83142872411884,70
108,325.9703128753353,70
109,314.3655929957132,70
110,337.6304813248332,70
111,318.8523068160235,70
112,317.20905834333917,70
113,323.85709454097173,70
114,333.79631588299014,70
115,333.9688819216917,70
116,335.86950640795425,70
117,344.3874081986674,70
118,344.11197804710366,70
119,342.2802042074665,70
120,342.3285218454976,70
121,342.8534938864854,70
122,342.38290406144057,70
123,342.2666097954171,70
124,329.5325310272973,70
125,327.6697885605934,70
126,330.5941314987973,70
127,334.7212233273117,70
128,335.3107019845882,70
129,336.1170089645662,70
130,337.8592913818297,70
131,338.01615170326426,70
132,339.32808602942066,70
133,344.30663689369175,70
134,344.71244945969397,70
135,344.7423772165538,70
136,344.8540905372673,70
137,345.0992154607259,70
138,345.01056955149346,70
139,345.05319665835884,70
140,345.0140879369739,70
141,345.123892033087,70
142,345.2659328837865,70
143,345.2552635820589,70
144,345.57665670426064,70
145,346.09076981664003,70
146,346.43209905969024,70
147,346.3702600550372,70
148,346.3831454521699,70
149,346.3471591079612,70
150,346.3329256812048,70
151,346.3933213981493,70
152,346.34662661203043,70
153,346.35948519078653,70
154,346.43383521428433,70
155,346.27709899084095,70
156,346.269724229481,70
157,346.3200012232124,70
158,346.46966529357064,70
159,346.3740117656201,70
160,346.33307544226926,70
161,346.35992645212883,70
162,346.37639165606106,70
163,346.37668317957133,70
164,346.41959787653184,70
165,346.5671353241268,70
166,346.48321591480857,70
167,346.4836121005392,70
168,346.436460306445,70
169,346.46337005810784,70
170,346.523839418295,70
171,346.51952126191924,70
172,346.4766512785206,70
173,346.47692338279546,70
174,346.4291263132806,70
175,346.41030558713163,70
176,346.39332274019205,70
177,346.3770319390215,70
178,346.3833465024309,70
179,346.3499906008063,70
180,346.35297320079343,70
181,346.3233360795323,70
182,346.2966532001033,70
183,346.29665203579196,70
184,346.3300106113184,70
185,346.3006458518175,70
186,346.28911819692513,70
187,346.27685565652763,70
188,346.2615244140865,70
189,346.2559034687559,70
190,346.2692055693017,70
191,346.2633690386153,70
192,346.27309928217755,70
193,346.24389591287155,70
194,346.2431443432424,70
195,346.26669544241497,70
196,343.2866931372959,70
197,341.5900160058494,70
198,341.62331719052827,70
199,341.60666639687355,70
200,341.6130706721339,70
201,341.60361385935767,70
202,341.6799299823468,70
203,341.7036707860459,70
204,341.7133514719935,70
205,341.7033459126886,70
206,341.7033467512865,70
207,341.6966660213832,70
208,341.736688813369,70
209,341.7072180841621,70
210,341.6862728918104,70
211,341.67324935110895,70
212,341.71332654432047,70
213,341.7499456073307,70
214,341.8071420263021,70
215,341.8966638629861,70
216,341.8835404068742,70
217,341.8359153126053,70
218,341.8299583301487,70
219,341.80665302033475,70
220,341.8140901907678,70
221,341.82840830279156,70
222,341.8208406518534,70
223,341.7899828561791,70
224,341.65555027562175,70
225,341.5059155809326,70
226,341.56399062928267,70
227,341.58639635015436,70
228,341.6138895151723,70
229,341.68698681625347,70
230,341.78387217769,70
231,341.98297735698867,70
232,341.9632844989953,70
233,341.9900159467013,70
234,342.02714840118955,70
235,342.04573972080124,70
236,342.0536512378186,70
237,342.08970806987054,70
238,342.13725052451423,70
239,342.1126840686442,70
240,342.28323591346117,70
241,342.34614056131016,70
242,342.37668606431896,70
243,342.5028856074413,70
244,342.6594877382596,70
245,342.6971034699764,70
246,342.76081114972783,70
247,343.21154646203337,70
248,343.30966051269786,70
249,343.24394162808306,70
250,343.26330194988816,70
251,343.2568354760493,70
252,343.33717184540365,70
253,343.45102960652014,70
254,343.7697794257007,70
255,344.00797623188015,70
256,344.54857910510844,70
257,344.65314999901835,70
258,344.5352185491711,70
259,344.5847350774876,70
260,344.6000066525007,70
261,344.57332495179685,70
262,344.5970202970552,70
263,344.5601592992931,70
264,344.50272143230916,70
265,344.52041329104225,70
266,346.1518111002315,70
267,346.0636006693685,70
268,346.182220666633,70
269,346.1933423629676,70
270,346.2235312747949,70
271,346.06135541187825,70
272,345.8332849380208,70
273,345.8727572968947,70
274,345.88035571326736,70
275,345.853313138626,70
276,345.0421294793813,70
277,344.5966760592711,70
278,344.5933460349212,70
279,344.5933465122565,70
280,344.6000061035156,70
281,344.6033424284726,70
282,344.5794119026523,70
283,344.57420712765764,70
284,344.5228043095233,70
285,344.53299390622567,70
286,344.533772888519,70
287,344.5666501705305,70
288,344.5670996844453,70
289,344.0945172098073,70
290,342.1812759748887,70
291,342.1928915345379,70
292,342.32243999470774,70
293,342.4602555327209,70
294,342.4899920580472,70
295,342.56621663331583,70
296,342.5497857522934,70
297,342.51074889964116,70
298,342.29523400466894,70
299,342.2033500669577,70
300,342.20746204732677,70
301,342.2058798360138,70
302,342.2535088881787,70
303,342.2826934985943,70
304,342.23467273707837,70
305,342.2155973540481,70
306,342.13008298341924,70
307,342.33381375187776,70
308,342.71988252520225,70
309,342.6397573620689,70
310,342.5766564252791,70
311,342.55997749348865,70
312,342.5756862413375,70
313,342.54760676683867,70
314,342.5566374474567,70
315,342.59666898845353,70
316,342.52054187210535,70
317,342.26990810623545,70
318,342.249795999486,70
319,342.30332745194676,70
320,342.2505686794238,70
321,342.4424956502167,70
322,342.4100535677123,70
323,342.30664803780786,70
324,342.34728843631154,70
325,342.4767286088099,70
326,342.4730756022172,70
327,342.7042239575664,70
328,342.6762096070676,70
329,342.62748254646186,70
330,342.5334015517818,70
331,342.30680385436995,70
332,342.68659888008926,70
333,343.6212566551177,70
334,343.6162640701333,70
335,343.60022910624605,70
336,343.6184695509518,70
337,343.3764823268309,70
338,342.8731678347706,70
339,342.880352712209,70
340,342.91951117566106,70
341,342.75558531898946,70
342,342.20417486466255,70
343,342.1863077705095,70
344,342.1870391824282,70
345,342.169990203725,70
346,342.2005801118729,70
347,342.1624886056484,70
348,342.05343784203905,70
349,342.1102738510482,70
350,341.83860206276904,70
351,341.723867653971,70
352,341.5900607719302,70
353,341.78935763867673,70
354,341.7966587751791,70
355,341.5164736149172,70
356,341.54965662789715,70
357,341.5308850561531,70
358,341.6039863122815,70
359,341.69941176436964,70
360,341.8138928446842,70
361,341.85377897114677,70
362,341.73601076842925,70
363,341.72669904609484,70
364,341.755305253739,70
365,341.76330692909943,70
366,341.7531610533087,70
367,341.7071472642985,70
368,341.7362258806174,70
369,341.74258172790985,70
370,341.6244163982605,70
371,341.6397405297368,70
372,341.43385767745747,70
373,341.2896911949092,70
374,341.09415955862386,70
375,341.0870545652833,70
376,341.0693749781357,70
377,341.10376232060935,70
378,341.07054500348414,70
379,341.1284831596506,70
380,341.4977324524845,70
381,341.60000612594166,70
382,341.61998871502385,70
383,341.6033313479548,70
384,341.6066747542124,70
385,341.6403795027201,70
386,341.65298006331705,70
387,341.660057227151,70
388,341.6573076194193,70
389,341.79370410325356,70
390,341.9167872092187,70
391,342.04669900032377,70
392,342.1344255435931,70
393,342.2463266696114,70
394,342.2766446820403,70
395,342.25663686926083,70
396,342.2937343603498,70
397,342.43247106520676,70
398,342.4570181956843,70
399,342.4749827885229,70
400,342.4736159996449,70
401,342.4833411689283,70
402,342.36726677578247,70
403,342.3030823440428,70
404,342.42916598523163,70
405,342.35445030337144,70
406,342.3731808821215,70
407,342.4160511066174,70
408,342.3775221669287,70
409,342.32321322815136,70
410,342.43179095989933,70
411,342.65805544264276,70
412,342.9521930317307,70
413,343.0359983913255,70
414,343.20541366159983,70
415,343.8328824373903,70
416,344.0659510735356,70
417,344.1362722588701,70
418,344.03418677512525,70
419,344.1682613752905,70
420,344.84656863584087,70
421,344.84316808607383,70
422,344.7933217497484,70
423,344.8400194944534,70
424,344.7603053594456,70
425,344.7526188544964,70
426,344.8804019451928,70
427,344.8200021055535,70
428,345.0225589890745,70
429,345.0499761894067,70
430,344.9870432932306,70
431,344.9234098304488,70
432,344.99622758983895,70
433,345.03413346116247,70
434,345.0032816094959,70
435,345.0032537315595,70
436,345.14292453253006,70
437,344.95623665648253,70
438,344.85670475189943,70
439,344.96394806861827,70
440,344.97410280588235,70
441,345.0492468994021,70
442,344.98949180973744,70
443,344.7668126084631,70
444,344.18951221637667,70
445,344.0743626272552,70
446,344.6681599082008,70
447,344.8105960003189,70
448,344.8696834262876,70
449,344.75266500386914,70
450,344.61335839460884,70
451,344.7270805758163,70
452,344.6364484452233,70
453,344.6097265870453,70
454,344.69364585917515,70
455,344.7527425732442,70
456,344.7063550824571,70
457,344.6979347602258,70
458,344.66600869860673,70
459,344.703538657254,70
460,344.6993857788453,70
461,344.83903144964626,70
462,344.6346424852842,70
463,344.8762488725457,70
464,344.8267460083641,70
465,344.74653767828704,70
466,344.6939619958474,70
467,344.8365740598555,70
468,344.85299258652464,70
469,344.8571123777106,70
470,344.88553003203936,70
471,344.86070462522383,70
472,344.87069724830906,70
473,345.9151255939337,70
474,346.6999999945806,70
475,346.5959694624603,70
476,346.45690661493745,70
477,345.23928638931125,70
478,345.2700710698676,70
479,345.4529630253539,70
480,345.5262776368171,70
481,345.9293751284121,70
482,346.521270045547,70
483,346.8166121628136,70
484,346.6800299806687,70
485,346.68350687717594,70
486,346.6804545461863,70
487,346.79280596034135,70
488,346.7799878582062,70
489,346.66800090228594,70
0,206.82668362046758,90
1,206.85820077551548,90
2,207.01319622783652,90
3,207.00018263155417,90
4,207.0098170188924,90
5,207.01311405874816,90
6,207.0416480380066,90
7,207.79489230867875,90
8,207.8066688806265,90
9,209.12838887810244,90
10,335.8234658359117,90
11,334.1252805791993,90
12,332.257430947988,90
13,332.14628845363745,90
14,332.136345235062,90
15,331.69150333108814,90
16,331.66899864135524,90
17,331.66362154006765,90
18,331.6930863105867,90
19,331.6866973461484,90
20,331.68085245131033,90
21,331.68276946725945,90
22,331.67670332744075,90
23,331.6833535083163,90
24,252.29252776983762,90
25,173.74750885994703,90
26,173.7261113800127,90
27,173.70000316156407,90
28,173.69000653959137,90
29,173.69588053241733,90
30,173.69060592315105,90
31,173.70017773547224,90
32,173.69666132123174,90
33,173.48474149469763,90
34,172.87505174727536,90
35,172.66164440682633,90
36,172.18999756922054,90
37,171.64119014761573,90
38,171.32738017237634,90
39,171.085884475412,90
40,171.25665414015515,90
41,171.3433245226779,90
42,171.35984545357496,90
43,172.03758534262957,90
44,172.83387195392115,90
45,220.4444187292306,90
46,309.71077370395517,90
47,279.2821028479352,90
48,290.0253919352905,90
49,310.7802965962642,90
50,303.46930959315733,90
51,308.00718741747244,90
52,326.10727237181777,90
53,270.5927582895732,90
54,299.1255742732716,90
55,327.0220422422123,90
56,316.4114795905423,90
57,272.22837530940313,90
58,301.5175829973011,90
59,300.0152758919764,90
60,281.61959851628575,90
61,283.4407887225669,90
62,284.0939118005396,90
63,294.7069893688582,90
64,294.1660476865319,90
65,293.97218586982245,90
66,289.16121545702316,90
67,282.9246084135559,90
68,278.76021784237236,90
69,275.34591107164147,90
70,277.2181268493206,90
71,277.9353957660884,90
72,278.70509110217324,90
73,281.1630122744035,90
74,293.5130615170847,90
75,308.29596246672855,90
76,311.9429451977258,90
77,291.30562173036475,90
78,264.5235836867952,90
79,264.58368669750314,90
80,264.4309511022458,90
81,270.33866609488814,90
82,281.9563284035829,90
83,279.06196100216874,90
84,290.471542744399,90
85,311.7494288736708,90
86,303.04581918659994,90
87,284.53621127323885,90
88,279.4757997563086,90
89,290.3915102443254,90
90,309.79931261000206,90
91,299.94026816494835,90
92,293.70835151982817,90
93,292.5502447112326,90
94,292.75579586680533,90
95,290.8780323671833,90
96,280.4001449009781,90
97,283.2277860412731,90
98,281.312107800085,90
99,280.6968963932635,90
100,280.81823070915976,90
101,282.0575329842729,90
102,284.6547656731508,90
103,289.83787263697224,90
104,294.3686808376291,90
105,295.7770333005439,90
106,296.45261107566614,90
107,296.22719716171184,90
108,298.2101679817044,90
109,308.22354689617714,90
110,316.6189268556217,90
111,318.8958640066753,90
112,322.8152971380449,90
113,320.3046225809223,90
114,317.54372078487717,90
115,313.60323750126526,90
116,314.1407357214923,90
117,305.6590327104079,90
118,313.75671612961537,90
119,315.6886224057066,90
120,291.35607382326725,90
121,297.0839333044045,90
122,324.75611700556556,90
123,326.07488139345344,90
124,304.5050514441645,90
125,300.32345706481823,90
126,300.9085520169274,90
127,310.05343607594455,90
128,316.055784686411,90
129,313.85881537292585,90
130,318.37107575482395,90
131,315.0663809069638,90
132,299.0487383898854,90
133,299.1090582074925,90
134,299.17007998824664,90
135,299.2132601381607,90
136,299.24215784341754,90
137,299.2247646737333,90
138,299.2356871813687,90
139,299.2251082057161,90
140,299.2259278358374,90
141,299.24791569820195,90
142,299.8065513430105,90
143,318.42237146196925,90
144,318.3925527018407,90
145,318.40126044301326,90
146,318.3965766234689,90
147,318.40448673330314,90
148,318.3878358755557,90
149,320.4961541956503,90
150,319.73934501123495,90
151,306.6255568176547,90
152,305.1220356465974,90
153,304.9433421235893,90
154,304.9522575117287,90
155,304.97884620080947,90
156,304.85476678001834,90
157,304.71493370965953,90
158,304.5362226015026,90
159,304.196571584052,90
160,304.1968366437992,90
161,304.1925000227233,90
162,304.1557703985405,90
163,298.48752155290794,90
164,298.46832212068324,90
165,298.48366291682015,90
166,298.4737045474642,90
167,298.4786308849207,90
168,298.4552284923094,90
169,298.4492212111872,90
170,298.45388476686117,90
171,298.44675881277,90
172,298.54407674930377,90
173,298.6280706102267,90
174,298.81205772870726,90
175,299.0132370909849,90
176,299.00262234853153,90
177,299.03500531588355,90
178,299.0322204816154,90
179,299.0108639106835,90
180,298.99512314677594,90
181,299.0015362730551,90
182,298.980811721113,90
183,298.97560254638717,90
184,299.0023836851654,90
185,299.0106336218158,90
186,298.99108401119327,90
187,299.0066807572875,90
188,299.00453674477814,90
189,298.97155707326834,90
190,299.0098130371595,90
191,298.99027694486136,90
192,299.00641662903047,90
193,298.98701694238855,90
194,299.00403348272675,90
195,299.00940439747035,90
196,298.99416736039643,90
197,299.00013783707595,90
198,299.0130971249673,90
199,299.0329151185972,90
200,299.0172598105163,90
201,298.9985146514537,90
202,299.0149013358583,90
203,299.00514865643777,90
204,299.0160444633797,90
205,299.0153436890577,90
206,299.0115793184885,90
207,299.02661768789466,90
208,299.0324964642841,90
209,299.01988609230034,90
210,299.0117053552582,90
211,299.0168696192503,90
212,299.02146574242613,90
213,299.0175553029412,90
214,298.9945330286435,90
215,298.99660485939256,90
216,299.001354636971,90
217,299.0095869187935,90
218,299.01473064603476,90
219,298.9981496646211,90
220,299.00585698944064,90
221,299.01611745178195,90
222,299.01814687058385,90
223,298.9879939349567,90
224,298.997115535257,90
225,298.9951949449442,90
226,299.000369313067,90
227,298.99550861682104,90
228,298.98803607497547,90
229,298.9888580176659,90
230,299.0161646102953,90
231,299.02954135772967,90
232,299.0213414702127,90
233,299.01331125718747,90
234,299.0214600261082,90
235,299.03290615403296,90
236,299.024527689259,90
237,299.01067920857486,90
238,299.021292785277,90
239,298.97265091981836,90
240,299.00849706252455,90
241,299.0204402688612,90
242,299.00713988670066,90
243,299.01593137939693,90
244,299.0053113323258,90
245,299.01606322968325,90
246,298.9881629377346,90
247,299.0042363850875,90
248,299.0074118557072,90
249,298.9864929981034,90
250,298.9964580254292,90
251,299.00150049091326,90
252,298.98802147523264,90
253,298.98474156973685,90
254,298.9885772572065,90
255,298.9834413218203,90
256,298.9921452397165,90
257,298.9906954108602,90
258,298.9515623574525,90
259,298.96939691075397,90
260,298.99828485454736,90
261,298.9410355212344,90
262,298.9139511730227,90
263,298.9334616187431,90
264,298.91590306087164,90
265,298.9168709632426,90
266,298.95476279884036,90
267,298.9510430116264,90
268,298.93573158455723,90
269,298.94459237514485,90
270,298.9591416426693,90
271,299.00186806326985,90
272,299.61191500004037,90
273,188.74512799959075,90
274,45.098939630780976,90
275,45.12419664658999,90
276,45.90563284262752,90
277,59.32305433595085,90
278,67.96251418212015,90
279,73.08890448699273,90
280,74.07514281199829,90
281,72.40305868322984,90
282,74.25430397935855,90
283,70.74736229200079,90
284,68.73506895656277,90
285,66.48804076331724,90
286,71.4699044467139,90
287,74.21224891565377,90
288,70.84121182841801,90
289,74.91398391274572,90
290,71.78347640593171,90
291,69.90945433740029,90
292,70.17076125148154,90
293,72.14232444548111,90
294,75.48488300349585,90
295,75.68508848542778,90
296,74.37679342081361,90
297,71.74548131773153,90
298,74.32303105458564,90
299,75.278358366895,90
300,80.96887814692437,90
301,79.86778364021208,90
302,76.53322047233742,90
303,76.0597876577702,90
304,73.36891422862726,90
305,81.57212991322427,90
306,83.65355569553022,90
307,83.66452466441099,90
308,88.26393019325852,90
309,91.10388795583401,90
310,91.1396676515273,90
311,91.18418836017072,90
312,91.14248660829995,90
313,90.26421038715647,90
314,89.20964199991384,90
315,89.21319806121701,90
316,89.21384704289346,90
317,89.19999836946853,90
318,89.2006085964058,90
319,89.19605132743882,90
320,88.72295600161875,90
321,88.36358642510326,90
322,88.37982037531573,90
323,88.36336000931041,90
324,88.3600512808015,90
325,88.38001710628322,90
326,88.36611250412388,90
327,88.33601292524237,90
328,86.86457675737876,90
329,77.06909866711116,90
330,76.14939432733026,90
331,67.1107019708472,90
332,15.797709481392799,90
333,201.8762688412036,90
334,346.5998283349972,90
335,347.02416632106997,90
336,347.648848674935,90
337,349.44892952163127,90
338,348.4451538359641,90
339,349.98661194281004,90
340,346.2559064937774,90
341,346.8136628278112,90
342,347.0316432134992,90
343,347.6693796101936,90
344,347.14282769216396,90
345,347.29243572981244,90
346,347.4923553813835,90
347,347.55287228666714,90
348,347.6828382492267,90
349,347.70406102886113,90
350,347.7135407879183,90
351,347.7224818819433,90
352,347.69064225987563,90
353,347.6866905750799,90
354,347.68669023341926,90
355,347.70999908962256,90
356,347.7061678669471,90
357,347.69384486509034,90
358,347.696932931186,90
359,347.69975935653315,90
360,347.70001220703125,90
361,347.7066799953708,90
362,347.7002940955236,90
363,347.6997279580897,90
364,347.7033466912214,90
365,347.6966766493133,90
366,347.6937337045772,90
367,347.7025286953467,90
368,347.69376448352625,90
369,347.69334109193784,90
370,347.7094946845985,90
371,347.71387015726606,90
372,347.7066786970338,90
373,347.7035964261783,90
374,347.71977029420583,90
375,347.70334448341424,90
376,347.6907519440314,90
377,347.70593262996834,90
378,347.7033439373673,90
379,347.6966756648514,90
380,347.69668150846513,90
381,347.7199855183695,90
382,347.7164262385485,90
383,347.7096314208712,90
384,347.72057901657433,90
385,347.7033381760588,90
386,347.6900211103972,90
387,347.6870610935601,90
388,347.66634814506403,90
389,347.67391787001554,90
390,347.6563885418287,90
391,347.6591624008498,90
392,347.6504959295892,90
393,347.6461948132225,90
394,347.50073677583066,90
395,347.4662894441688,90
396,347.4633708227155,90
397,347.4695301347128,90
398,347.45363455997136,90
399,347.4533027847363,90
400,347.4763651750223,90
401,347.45370239832175,90
402,347.4837734592181,90
403,347.58627740110916,90
404,347.60720138065125,90
405,347.6094601838367,90
406,347.5866865456158,90
407,347.5900161612185,90
408,347.6000061035156,90
409,347.6000061035156,90
410,347.5899995746285,90
411,347.5934968976602,90
412,347.5996626222853,90
413,347.57370172069625,90
414,347.58579167947863,90
415,347.6071006022652,90
416,347.60025267309356,90
417,347.5900003088556,90
418,347.5899998606194,90
419,347.5933352060414,90
420,347.5899987754415,90
421,347.57999132878723,90
422,347.5899994204195,90
423,347.59000327937434,90
424,347.58666053611125,90
425,347.58354586962486,90
426,347.5466942397908,90
427,347.56636529151234,90
428,347.56371929081774,90
429,346.5514529162033,90
430,346.11447736660796,90
431,336.7160937527634,90
432,330.5432021983009,90
433,330.5473612106829,90
434,330.5528890180591,90
435,330.5695912394475,90
436,330.5605493274408,90
437,330.57607222079434,90
438,330.58731010466056,90
439,330.5833553947098,90
440,330.57018207284136,90
441,330.58980291810576,90
442,330.5862637619674,90
443,330.58706566517964,90
444,330.59333452212053,90
445,330.59000039093286,90
446,330.59332989083947,90
447,330.6000061035156,90
448,330.5966705322654,90
449,330.6000061035156,90
450,330.6000061035156,90
451,330.6000061035156,90
452,330.59635058926636,90
453,330.5936580214873,90
454,330.6000061035156,90
455,330.6033416679664,90
456,330.61023618495676,90
457,344.65109298620564,90
458,331.92514704732275,90
459,16.003204585888895,90
460,19.472345675293724,90
461,20.95263784458854,90
462,22.000853223242963,90
463,21.35222964471773,90
464,15.139815376687492,90
465,16.91300980478971,90
466,23.304999397041048,90
467,28.33628125087892,90
468,23.375717450921222,90
469,22.21794365582942,90
470,6.84990631012669,90
471,25.475224886873885,90
472,22.521747453053468,90
473,27.504562799451584,90
474,25.747416081673162,90
475,23.489678886389804,90
476,30.176584118114455,90
477,24.652520685519562,90
478,30.24497966461236,90
479,27.939246105626108,90
480,22.655298537912184,90
481,22.2056392760403,90
482,30.001023501326515,90
483,29.539861077287863,90
484,25.056782023822787,90
485,24.849281714445922,90
486,28.15668878948728,90
487,28.47028285117943,90
488,32.0062668260068,90
489,36.350140384965506,90
0,267.6695457595826,100
1,267.6631267655424,100
2,267.67419921991933,100
3,267.27544941268104,100
4,267.1971679760953,100
5,267.19953493478477,100
6,267.19102828610977,100
7,267.1993656572113,100
8,267.2368332810282,100
9,267.207427945956,100
10,267.26561392239245,100
11,267.30007023564696,100
12,268.76928013880223,100
13,269.0393098233629,100
14,269.0357464722156,100
15,269.0462533981847,100
16,269.03552634225485,100
17,269.0353304307897,100
18,269.05872397434234,100
19,269.06619188015,100
20,269.07909443192506,100
21,269.074894210415,100
22,269.06738123866035,100
23,274.5552960523749,100
24,281.64160028700627,100
25,285.99273100300763,100
26,286.8942450353712,100
27,286.88747381900123,100
28,286.90069733443664,100
29,286.8872602946932,100
30,286.8773149486069,100
31,286.8537876944191,100
32,286.72783154605725,100
33,286.72322448950223,100
34,286.7339416988097,100
35,286.7218692514985,100
36,286.71906748114964,100
37,286.7342726953205,100
38,286.67382796825484,100
39,286.4006779781175,100
40,286.3684285483461,100
41,276.5913785145446,100
42,266.2095274972871,100
43,266.196262833046,100
44,266.23223242401184,100
45,266.27017741719527,100
46,266.28057099261656,100
47,266.306236465694,100
48,266.31022329066224,100
49,266.30583189085297,100
50,266.3003096629029,100
51,266.2823632980665,100
52,266.28678122666776,100
53,266.3025873810685,100
54,266.29605070630026,100
55,266.2972859811234,100
56,266.25633670134977,100
57,266.2388967799521,100
58,266.2865753375121,100
59,266.2347855337956,100
60,266.28035659950797,100
61,266.66741685026403,100
62,268.01035990244475,100
63,268.1023989320533,100
64,268.07378459797667,100
65,267.9876929052435,100
66,268.056175080417,100
67,270.9007436340071,100
68,307.45726691847693,100
69,334.13336135759135,100
70,334.15337661715404,100
71,334.1465563129618,100
72,334.14663884446543,100
73,339.76709014351974,100
74,33.49611658375851,100
75,29.99393493460742,100
76,53.4230083816004,100
77,55.01348846567407,100
78,55.27209515356676,100
79,55.250604610777074,100
80,55.23349041321402,100
81,55.21645601731294,100
82,55.18367040142431,100
83,55.090012184809574,100
84,55.09666867800884,100
85,55.10332839975065,100
86,55.08288184810097,100
87,55.09713632251601,100
88,55.09666894042479,100
89,55.11705761212437,100
90,55.22027354039687,100
91,55.14883601504126,100
92,55.093280210359815,100
93,55.38216366813074,100
94,55.65285180343731,100
95,55.63006777130787,100
96,55.41659388282826,100
97,54.803334798815506,100
98,55.072969409444084,100
99,55.383248462242065,100
100,54.84048337639303,100
101,54.97665461995979,100
102,55.435050510061885,100
103,55.51334122418116,100
104,55.49666456968051,100
105,55.4933293686617,100
106,55.47301306968749,100
107,55.47365103504625,100
108,55.46332781390573,100
109,55.463186746447455,100
110,55.416728601179955,100
111,55.40749759437594,100
112,55.41665222698345,100
113,55.472494768345015,100
114,55.330268286398976,100
115,54.26748529198091,100
116,54.202602119795344,100
117,54.20035901527451,100
118,54.206657139622074,100
119,54.20690891852289,100
120,54.203090500176934,100
121,54.21667706823947,100
122,54.19666263776723,100
123,54.21333683273268,100
124,54.206671328465326,100
125,54.210006701729306,100
126,54.2133419945326,100
127,54.21643865134081,100
128,54.30609615547947,100
129,54.486643827194136,100
130,54.60937560031535,100
131,54.60974756421733,100
132,54.60715353088295,100
133,54.63002844308538,100
134,54.636567423406696,100
135,54.62054003002946,100
136,54.67577479773732,100
137,54.670867122719805,100
138,54.61927736388943,100
139,54.65856024563665,100
140,54.37665437087262,100
141,54.343297275777985,100
142,54.34016337133531,100
143,54.34999134488071,100
144,54.41761038656878,100
145,54.793708990693844,100
146,54.73250123194852,100
147,54.57328922297952,100
148,54.6303042489515,100
149,54.58665725687356,100
150,54.58663657681979,100
151,54.54998801017737,100
152,54.566747914688825,100
153,54.54619272341423,100
154,54.576989676009816,100
155,54.55997377083662,100
156,54.55663857502076,100
157,54.56998010954321,100
158,54.579986031338905,100
159,54.579984618363895,100
160,54.527164171927026,100
161,54.49000533569084,100
162,54.44360408845027,100
163,54.393345773321,100
164,54.446615567653375,100
165,54.51378850129782,100
166,54.50285536362642,100
167,54.51664959481398,100
168,54.523074494998006,100
169,54.51093880613048,100
170,54.47192003218,100
171,54.410230062352156,100
172,54.40667212899055,100
173,54.396666117529634,100
174,54.17556149734006,100
175,54.17001583830862,100
176,54.17381697497482,100
177,54.169980692340204,100
178,54.27999896024373,100
179,54.396400173489894,100
180,53.684584633038924,100
181,48.48748162763435,100
182,47.3093995276125,100
183,43.50128384152316,100
184,43.96454512683725,100
185,45.22682575079898,100
186,45.14493753100815,100
187,45.145550795719586,100
188,45.36702012335221,100
189,45.353748939667284,100
190,45.28946135294686,100
191,45.83398478253685,100
192,46.27422721678824,100
193,46.16448149518146,100
194,46.65287370653956,100
195,47.39690361176012,100
196,47.28917702929419,100
197,47.267388989020404,100
198,47.20332939895662,100
199,47.216645679201,100
200,47.21000659403859,100
201,47.243598078172276,100
202,47.25980249045909,100
203,47.21679077181263,100
204,47.30711348478546,100
205,46.69256142641056,100
206,46.37675624059602,100
207,46.79618308456783,100
208,47.21065482571502,100
209,47.733562349069096,100
210,47.754582662857935,100
211,47.74970679744303,100
212,47.88003990779979,100
213,47.96703456907062,100
214,48.39759086045721,100
215,48.58921766681614,100
216,50.98479120501345,100
217,52.103074750523426,100
218,52.27065995640377,100
219,53.38012666432025,100
220,53.682476190529215,100
221,53.976557979236354,100
222,53.80674631770221,100
223,53.84608098619723,100
224,52.865447181719745,100
225,55.095111223341554,100
226,54.603105173855745,100
227,54.849747390608414,100
228,54.97804629152433,100
229,54.94387610065605,100
230,48.36265342423762,100
231,44.52619820794902,100
232,44.53918897490204,100
233,44.53746978307002,100
234,44.54293684208337,100
235,44.54050133186092,100
236,44.5333526351038,100
237,44.53001917664176,100
238,44.53027303000255,100
239,44.529761156976896,100
240,44.52996781972318,100
241,44.52029701555794,100
242,44.546292688486474,100
243,44.52289252541275,100
244,44.5399043971007,100
245,44.51764849698786,100
246,44.52583718214221,100
247,44.53089386594739,100
248,44.52598579228761,100
249,44.553904976827035,100
250,45.05702184693549,100
251,45.35798235314893,100
252,45.382452529058455,100
253,45.39066418892637,100
254,45.400001525878906,100
255,45.37665364099007,100
256,45.400001525878906,100
257,45.42349062941829,100
258,45.513798077963415,100
259,45.51288200618412,100
260,45.52001129722334,100
261,45.52704770543234,100
262,45.50730566895017,100
263,46.08379831155038,100
264,46.5931045708286,100
265,46.65942939180961,100
266,46.67960580198227,100
267,46.70064477627834,100
268,48.28956061296237,100
269,50.19847223516453,100
270,50.42996897483335,100
271,50.46289120529035,100
272,52.03099988717784,100
273,54.226408331430406,100
274,55.424606828322915,100
275,57.39065889933949,100
276,63.676306282498246,100
277,68.14111652287491,100
278,66.35111561034256,100
279,76.22249687833883,100
280,77.53199524443302,100
281,78.63364588342411,100
282,77.39160285845723,100
283,72.99918388506146,100
284,72.36147939600235,100
285,70.91750310824553,100
286,70.94628141511573,100
287,72.73800309830354,100
288,73.89398894910879,100
289,73.43295474743711,100
290,75.43345555544526,100
291,73.81073633553956,100
292,67.89694890983306,100
293,73.82214943163449,100
294,72.82423294350029,100
295,71.6377018747497,100
296,76.51380086261234,100
297,76.90675733822054,100
298,75.70378980866543,100
299,72.04197937269623,100
300,71.12401802706765,100
301,70.44219939119814,100
302,70.74540451192271,100
303,70.69366520910961,100
304,70.96224241167978,100
305,71.22996739466014,100
306,71.44598314795726,100
307,74.51358249328283,100
308,76.63832476928016,100
309,77.2209796384598,100
310,77.22894837362696,100
311,76.79932189181667,100
312,78.14175076429893,100
313,76.71965482849967,100
314,72.93180980461518,100
315,69.4118303878782,100
316,73.76030213399348,100
317,77.55449383001628,100
318,78.43113608994864,100
319,78.45197031633275,100
320,77.65383568891933,100
321,76.77030015708195,100
322,76.76696574038246,100
323,76.78704807823273,100
324,76.78298762444312,100
325,76.79667371449729,100
326,76.78335310450797,100
327,76.79334272171207,100
328,76.83725911142764,100
329,76.82341942049803,100
330,76.99208219892776,100
331,76.97469348988552,100
332,76.7627091043439,100
333,76.7806837814865,100
334,77.00954459657609,100
335,78.15774003222859,100
336,80.05060963988585,100
337,79.58667715499061,100
338,76.62522177391384,100
339,76.65084422876906,100
340,76.67917469827336,100
341,76.67417942137872,100
342,76.70247295443787,100
343,76.71664057772995,100
344,76.72715344270667,100
345,76.72335154517096,100
346,76.6936446983451,100
347,76.54697468924734,100
348,76.57360968765964,100
349,76.7022475917978,100
350,76.73624313039886,100
351,76.76643278744538,100
352,76.88668222325342,100
353,76.89046017209132,100
354,76.74297432440025,100
355,76.73329811355372,100
356,76.73385020446936,100
357,76.71337959674297,100
358,76.68560280091994,100
359,76.69712102978198,100
360,76.6620979635412,100
361,75.0310739695709,100
362,74.56231804363959,100
363,74.4200113400252,100
364,74.42001180166977,100
365,74.46337247699222,100
366,74.47685337420855,100
367,74.47665252941074,100
368,74.47956148883969,100
369,74.49042062974121,100
370,74.48920430259588,100
371,74.48332340726044,100
372,74.23740169465229,100
373,74.08999005361251,100
374,74.07357476541958,100
375,74.16270315240415,100
376,74.12755411814776,100
377,74.08005002805335,100
378,73.77453796334378,100
379,73.49654401893349,100
380,74.8931342743707,100
381,79.15112457069789,100
382,74.38236868559467,100
383,66.32342928412969,100
384,67.72781646094367,100
385,73.01459091998177,100
386,75.5046210580672,100
387,72.10929604276554,100
388,69.50357807908047,100
389,84.89889718169471,100
390,67.24968989542124,100
391,56.658586254956276,100
392,57.91727806634511,100
393,57.223968257424744,100
394,59.8203571630897,100
395,56.362321045485174,100
396,55.88962206652207,100
397,55.700946540205344,100
398,55.629521969698196,100
399,55.829266531715504,100
400,56.03665300244554,100
401,56.01997528440006,100
402,56.0206099502572,100
403,56.013562138859804,100
404,55.98977357556656,100
405,55.96664786481545,100
406,55.96331236976904,100
407,55.96983803940029,100
408,55.97421636860297,100
409,55.98245763086931,100
410,55.986652305377504,100
411,55.986816952152395,100
412,55.990011809747116,100
413,56.00690023108767,100
414,56.23254094730483,100
415,56.26411842995528,100
416,63.99230155226998,100
417,74.35347430849619,100
418,70.7049888492174,100
419,65.38296476162748,100
420,65.27354751104153,100
421,67.49734306479014,100
422,67.57996283413516,100
423,67.7841513616188,100
424,67.3009057899218,100
425,65.03935619470421,100
426,66.91183661255705,100
427,67.7300022941524,100
428,67.48348794482868,100
429,67.56047403138368,100
430,67.50956975189308,100
431,67.65788755495183,100
432,67.53203627521013,100
433,67.85132994036051,100
434,68.10884556070022,100
435,68.11263415374495,100
436,68.04355358436314,100
437,68.38520764451196,100
438,68.16304777980227,100
439,63.406551630576914,100
440,62.90803577422476,100
441,73.62867186233858,100
442,67.4723889475557,100
443,70.37707884006342,100
444,69.3050418741739,100
445,63.54431535157809,100
446,67.8044936150367,100
447,66.06517642606,100
448,63.1726984222727,100
449,66.511493936494,100
450,67.91960642430035,100
451,65.97133689628767,100
452,69.25269476370337,100
453,63.89705521018284,100
454,51.53317517876244,100
455,57.4425627645345,100
456,70.56657015684915,100
457,66.55944137057381,100
458,68.5367788018706,100
459,68.23646348529586,100
460,63.07707909894872,100
461,61.65239057211323,100
462,64.95941347516717,100
463,70.72006415496968,100
464,69.76859530045684,100
465,77.43660734909454,100
466,71.60471567063574,100
467,76.34378415740615,100
468,59.419459231249064,100
469,56.05639518949312,100
470,67.49718889238679,100
471,67.33239936805599,100
472,67.78889631992723,100
473,68.18925906382503,100
474,66.08944461815184,100
475,57.94947805084103,100
476,68.94137989086555,100
477,67.7524231495185,100
478,67.46209391716211,100
479,63.52404781198253,100
480,67.67916531296937,100
481,67.87596793152734,100
482,71.28883386970848,100
483,74.05114088266377,100
484,67.57083158571642,100
485,68.54075266034603,100
486,65.16002918113344,100
487,68.506654763211,100
488,70.02401889982282,100
489,67.5310737729943,100
0,191.97596153834388,110
1,191.99402515918501,110
2,191.98999369246815,110
3,191.98665700411883,110
4,191.98362718677305,110
5,192.0711807625829,110
6,205.68328191442345,110
7,211.16430614690125,110
8,213.25958608635509,110
9,213.18999063851734,110
10,213.2029743930844,110
11,213.18701409071178,110
12,213.17998752184553,110
13,213.1933272145876,110
14,213.1933262076296,110
15,213.20356429017815,110
16,213.20664723370348,110
17,213.20312375030502,110
18,213.1866556890406,110
19,213.19666189033202,110
20,213.19667171747543,110
21,213.1999969482422,110
22,213.1999969482422,110
23,213.21474414137762,110
24,213.26669390557515,110
25,213.2671341811415,110
26,221.49492895572345,110
27,226.9598137717722,110
28,226.9623525759083,110
29,241.87543619299717,110
30,282.31413091680525,110
31,282.3171433474733,110
32,282.3053413737339,110
33,282.3042897299217,110
34,301.9195226976027,110
35,316.9537807536142,110
36,312.60716731349817,110
37,312.4507368428903,110
38,312.45938258353124,110
39,313.0135217703316,110
40,322.0676574601596,110
41,331.18532252395653,110
42,329.52350550065137,110
43,330.4371631488728,110
44,329.11627940002006,110
45,338.1949728324027,110
46,340.7290265624562,110
47,342.2815944939795,110
48,343.40489439073224,110
49,344.6216598656802,110
50,345.8726496431501,110
51,346.1794548862812,110
52,342.79909867018114,110
53,348.8317135236367,110
54,344.829471990818,110
55,322.1186497352957,110
56,261.1137209108886,110
57,314.5848057456008,110
58,279.0023758919398,110
59,338.27802480911845,110
60,329.2376684579371,110
61,336.5809866181761,110
62,335.53489479299935,110
63,327.5493483437558,110
64,326.55455482386844,110
65,310.476163550357,110
66,326.4600558297915,110
67,310.77032366855497,110
68,319.68119946147885,110
69,329.27654302373486,110
70,314.06251427712675,110
71,322.49290175123815,110
72,316.1477618871982,110
73,327.1039537706452,110
74,320.5724168928944,110
75,340.4482285990372,110
76,300.61901638089836,110
77,340.32460523380763,110
78,327.94066290037046,110
79,319.0810450382106,110
80,307.28054144164923,110
81,319.7238586888196,110
82,317.8855686887786,110
83,324.37394836211,110
84,314.5229350659911,110
85,307.1090051493185,110
86,310.51278907977695,110
87,319.2555675111298,110
88,319.1514449854165,110
89,314.23832343715054,110
90,310.9059583698964,110
91,326.8940312386813,110
92,331.8225199422947,110
93,317.27742361109637,110
94,318.1499282956022,110
95,320.4599207285021,110
96,317.24451187504263,110
97,326.22224551781164,110
98,322.772753135187,110
99,318.24385049802527,110
100,318.56538227574924,110
101,316.0368446375799,110
102,314.5926444564527,110
103,323.11823357291894,110
104,311.8914403948474,110
105,316.8975858264803,110
106,316.9476145001837,110
107,316.9945193768055,110
108,310.38376751949863,110
109,311.9901304294195,110
110,325.81903744575897,110
111,307.5459797771764,110
112,310.86258816325403,110
113,311.53783428759766,110
114,315.7738917029326,110
115,311.6027236988231,110
116,314.8758627465103,110
117,311.1608053875603,110
118,319.1449613403038,110
119,307.8249130020762,110
120,313.2052919799219,110
121,296.12525810578387,110
122,297.89911995128966,110
123,310.90820099179484,110
124,303.07359621195553,110
125,304.87495569364694,110
126,312.4420329845992,110
127,314.9973167904649,110
128,314.23121096602245,110
129,311.3715075103646,110
130,315.65301614140327,110
131,303.15530587477963,110
132,308.00354627094464,110
133,304.4160019009457,110
134,304.16319648622397,110
135,300.21739557461206,110
136,301.1078004402132,110
137,303.99686938245827,110
138,297.7930928457136,110
139,295.8752236640957,110
140,299.74733563452907,110
141,303.97015136048,110
142,319.0161195751232,110
143,313.5630392238287,110
144,312.67335823637006,110
145,312.53472984422376,110
146,307.57341030809386,110
147,303.40935503563543,110
148,306.01019675464136,110
149,306.4556360268581,110
150,312.3801732555798,110
151,318.614945592155,110
152,315.61574421562386,110
153,313.6998603091573,110
154,305.64004773305294,110
155,306.287621336612,110
156,311.56427310272164,110
157,317.6671957977323,110
158,316.38361015605136,110
159,304.6694566583069,110
160,300.83162963314686,110
161,301.20677355856327,110
162,316.82961776770424,110
163,304.130526346695,110
164,303.6862254855236,110
165,298.1767815170178,110
166,302.7471365628216,110
167,302.02354757028996,110
168,316.05554470011384,110
169,318.58983292891867,110
170,308.53884112186876,110
171,296.25705106036105,110
172,301.4525516181288,110
173,306.4003679591432,110
174,308.08076662864016,110
175,317.31642711467714,110
176,317.5840669746086,110
177,345.972399248229,110
178,345.1303618266252,110
179,344.80326203633786,110
180,343.8912040620308,110
181,320.9652384471068,110
182,320.14682985716814,110
183,321.6502329177641,110
184,304.4955389754235,110
185,299.74041541790274,110
186,304.9680508537962,110
187,318.81461442987046,110
188,304.3646791113793,110
189,320.29443495051424,110
190,311.7063907869452,110
191,317.5085647824475,110
192,315.6665296029658,110
193,317.3535726247751,110
194,311.35598675680023,110
195,331.86416491533055,110
196,320.0887690626973,110
197,328.509193087844,110
198,315.07082823739125,110
199,315.1621188930408,110
200,310.02932985675517,110
201,302.7933861694736,110
202,311.94841661917627,110
203,322.5363291925714,110
204,315.2033452128535,110
205,318.44804908057654,110
206,310.1607601229053,110
207,310.8969511396767,110
208,323.0573271896829,110
209,303.8679357063106,110
210,316.95945841304365,110
211,315.500629150738,110
212,316.0096632575046,110
213,320.68835005744614,110
214,312.6844593815085,110
215,320.89827762559213,110
216,316.6065556935224,110
217,322.6670618950168,110
218,321.3032796826844,110
219,326.3231598424613,110
220,322.5450836865097,110
221,318.1387161141327,110
222,323.9039784386553,110
223,312.09843898729935,110
224,319.94071009293646,110
225,324.662994145759,110
226,312.06576998978335,110
227,314.43723403718155,110
228,320.50649501923965,110
229,335.1932424757478,110
230,318.6797405894667,110
231,318.7333934941479,110
232,325.6773054976645,110
233,317.09189665459286,110
234,315.7418322357454,110
235,311.98253179293334,110
236,313.4705686423514,110
237,330.6651084459573,110
238,311.40357476672625,110
239,315.23524047382955,110
240,329.58139065340265,110
241,316.98648914272985,110
242,302.96776040340444,110
243,317.9353299853086,110
244,330.38151577444876,110
245,345.14876523921856,110
246,340.6189796851823,110
247,333.70758327387193,110
248,326.4470506885408,110
249,320.70989541510363,110
250,309.1213525991247,110
251,317.66300384462437,110
252,316.1298886802979,110
253,314.86102027946805,110
254,313.94822910766777,110
255,311.6802809501314,110
256,305.3744736560313,110
257,312.6732299184209,110
258,311.5714466830663,110
259,317.86761021375963,110
260,309.028479424368,110
261,315.41647474188335,110
262,306.3350091253004,110
263,305.32840017881966,110
264,305.34286037110775,110
265,317.16533093381554,110
266,318.51569822397164,110
267,313.8634202881513,110
268,316.4345513087406,110
269,319.30843483596993,110
270,318.1269700637176,110
271,310.3007587746942,110
272,302.25710273148775,110
273,302.4716498460939,110
274,300.23151159014884,110
275,306.61778751986657,110
276,320.74943443734725,110
277,336.708786917609,110
278,324.2803592171542,110
279,307.72930942116557,110
280,306.37335655476153,110
281,318.0042918583129,110
282,341.43517795988714,110
283,335.02198449340347,110
284,331.5486977886303,110
285,324.0767238008634,110
286,314.0347709020979,110
287,317.3258929421669,110
288,330.0586521008096,110
289,329.35087694379706,110
290,312.00067944652784,110
291,308.4034522877193,110
292,319.1267801436876,110
293,313.81656832832044,110
294,320.48696611685557,110
295,321.87688617802405,110
296,316.1049508796542,110
297,322.987110732608,110
298,319.0168517381594,110
299,321.14607284174684,110
300,317.24735782726714,110
301,338.46238557522133,110
302,330.17439138647205,110
303,317.2523417850974,110
304,333.8386191942695,110
305,323.80315027297365,110
306,329.68798306786374,110
307,319.96119106192253,110
308,312.4188126977083,110
309,318.735163082377,110
310,315.175723201386,110
311,326.62402037645165,110
312,342.56396140276297,110
313,342.3631316505381,110
314,341.96027472249,110
315,341.9110220466996,110
316,339.9196863785726,110
317,343.1114357728043,110
318,341.14900053076786,110
319,328.287895892273,110
320,331.86097184650964,110
321,342.89053523140853,110
322,344.8712615180456,110
323,344.8530201805068,110
324,344.8985831846366,110
325,344.0967172087278,110
326,339.639292240966,110
327,327.1078217316569,110
328,323.6747584504417,110
329,323.07617269863806,110
330,331.83846796898706,110
331,343.5107191458651,110
332,316.15260048626135,110
333,324.00385304945905,110
334,335.51812567534876,110
335,346.29198504040613,110
336,348.1710808996506,110
337,329.9993756102858,110
338,319.4582355365449,110
339,324.57557767889745,110
340,309.82653572737473,110
341,319.1850390016259,110
342,337.1841345732105,110
343,328.41348683237464,110
344,344.7379649133659,110
345,343.51200373108657,110
346,342.96020339194536,110
347,342.30853813571224,110
348,336.1625173568532,110
349,288.9333691509126,110
350,311.8184936843038,110
351,324.16731222658865,110
352,330.6467204802451,110
353,343.06244664756645,110
354,342.89635147441413,110
355,342.5314163091716,110
356,342.5109514867361,110
357,342.7833277422595,110
358,342.6144413486079,110
359,342.6048649445505,110
360,342.0960350270104,110
361,341.8204566655482,110
362,341.82997252606594,110
363,341.4534820526518,110
364,341.2064620245316,110
365,340.6178599082062,110
366,340.2300270581427,110
367,340.8450547164299,110
368,341.7575775526982,110
369,341.6185277866145,110
370,341.38646724103086,110
371,339.7781645164263,110
372,337.5208617694066,110
373,334.8302939709029,110
374,334.6659739092929,110
375,334.20592565439125,110
376,334.26598881263953,110
377,331.5639788763086,110
378,330.3368541643824,110
379,330.57889174010757,110
380,330.7798559534448,110
381,332.09209228646097,110
382,334.2762577744469,110
383,334.20456094276267,110
384,334.9692330274492,110
385,334.51679007613694,110
386,334.13454893510726,110
387,334.2165875910957,110
388,334.5365666591471,110
389,336.2064097291886,110
390,344.88641255067125,110
391,344.85745106483796,110
392,344.88251029848993,110
393,344.8772094487167,110
394,344.487609233379,110
395,344.85187938272435,110
396,346.13828210494137,110
397,346.89556475455606,110
398,346.3844671694217,110
399,345.36171571968174,110
400,343.8754979662491,110
401,343.92685172039893,110
402,343.83338019024916,110
403,343.6707725405557,110
404,343.6128802631609,110
405,343.55422915028686,110
406,343.58246680563025,110
407,343.5599967719647,110
408,343.59030941287193,110
409,343.5969337023281,110
410,343.8209643327499,110
411,344.04945592553577,110
412,343.8990354758754,110
413,344.5819583250012,110
414,330.8131004459971,110
415,320.18759977430295,110
416,329.06272720080875,110
417,344.51291265178804,110
418,343.9345499051864,110
419,343.1604174002756,110
420,343.359452287876,110
421,342.5014331842112,110
422,339.68476082351583,110
423,339.66769922256975,110
424,341.5049183710282,110
425,341.6268723935374,110
426,343.75339108309294,110
427,344.59460407159577,110
428,344.2278161206255,110
429,344.0932911757994,110
430,344.24145774231727,110
431,344.5751383464011,110
432,344.62287678746026,110
433,344.14017845950127,110
434,343.95797473787377,110
435,343.8433255253175,110
436,343.6661848284547,110
437,342.7001112408347,110
438,324.56947692723844,110
439,325.7257446627019,110
440,341.68110248522686,110
441,340.767333098447,110
442,328.0160429949492,110
443,314.4624290776524,110
444,324.7768620941714,110
445,319.50236013425615,110
446,318.28050070090023,110
447,315.4653747498211,110
448,304.33339153676104,110
449,313.7195652805218,110
450,321.573653096423,110
451,312.0388947658545,110
452,315.0506998279082,110
453,307.70532154781563,110
454,310.41374188013316,110
455,312.2765860038343,110
456,315.066536006531,110
457,314.5434687651773,110
458,315.6687642399703,110
459,316.66660474583944,110
460,314.49878643895266,110
461,320.1235650771237,110
462,325.35244732001996,110
463,330.32652073460287,110
464,327.41040436643294,110
465,332.7958416478161,110
466,334.7806984638797,110
467,334.69923496239835,110
468,334.440015612616,110
469,334.21373221290133,110
470,334.288896850474,110
471,334.11742293573246,110
472,334.03966688852034,110
473,333.9836205415344,110
474,334.45851377193856,110
475,334.54157004113443,110
476,334.19412540609204,110
477,334.2153319111541,110
478,334.1871532482437,110
479,334.2488932940947,110
480,334.3179655756127,110
481,333.9766453359663,110
482,334.1066763114277,110
483,334.126695735877,110
484,334.29301710950705,110
485,333.86651190869776,110
486,333.79974197701097,110
487,334.53898714102843,110
488,334.40881553734584,110
489,334.32995835476197,110
0,166.09637166487718,120
1,166.0864369415546,120
2,166.0541780562882,120
3,166.04287372485533,120
4,166.0500428470836,120
5,166.0228998079237,120
6,166.00711118186362,120
7,166.02001074676787,120
8,166.03335826751794,120
9,166.04364822757367,120
10,166.02302729433214,120
11,166.02656031090663,120
12,165.99052241598136,120
13,165.9832742961679,120
14,165.94279896905323,120
15,165.9332953481555,120
16,165.94062219568946,120
17,165.91185621567047,120
18,129.94782645340965,120
19,102.60420558478515,120
20,102.71390767121113,120
21,102.83717097919785,120
22,103.07475045896892,120
23,103.06787172636906,120
24,103.20974437247901,120
25,103.23981149339501,120
26,103.24951709220169,120
27,103.25668210999667,120
28,102.92176091288317,120
29,102.64343232879833,120
30,102.62665383547952,120
31,102.37992071520729,120
32,92.33441865637374,120
33,91.15011880413195,120
34,91.12590123678392,120
35,82.73991543571974,120
36,62.703481293792294,120
37,61.42608162347008,120
38,61.39059997880774,120
39,61.403336831788884,120
40,61.442933401896184,120
41,61.70546187841385,120
42,62.401462109544276,120
43,67.5599636753732,120
44,67.53041873679133,120
45,67.54001495738727,120
46,67.53668735504374,120
47,67.54605183307434,120
48,67.5197708553431,120
49,67.50943688187259,120
50,67.45208734956395,120
51,67.41479158824454,120
52,67.45313141550153,120
53,67.45728321179928,120
54,67.46273661600793,120
55,67.46334179795,120
56,68.14558048578365,120
57,68.30000208258345,120
58,68.29333761762467,120
59,68.19045925856493,120
60,68.04558435334954,120
61,67.68716994758967,120
62,67.46819591311359,120
63,67.27587201665126,120
64,67.40000135182517,120
65,67.40962402710227,120
66,67.27892505280042,120
67,265.92660784471036,120
68,348.42344858831405,120
69,349.32685821118963,120
70,349.32329800543954,120
71,332.80508479833566,120
72,324.9763786965587,120
73,325.0752795821234,120
74,329.3057468729797,120
75,340.97097981817154,120
76,327.78042646375485,120
77,328.9388051586827,120
78,329.5036459675887,120
79,329.5099952049328,120
80,326.253374304091,120
81,324.7952270550327,120
82,322.87455106295783,120
83,311.22838024582137,120
84,310.27487235735424,120
85,310.3099343802162,120
86,310.3127010028339,120
87,314.2223986128176,120
88,293.9708088994939,120
89,99.93952578367637,120
90,104.01000913047454,120
91,103.240807917331,120
92,49.662763949172515,120
93,18.306660303615764,120
94,18.316673291012403,120
95,18.299999698826042,120
96,18.296663505523114,120
97,18.29666390481796,120
98,18.28332261920826,120
99,18.296664014809654,120
100,18.28653618605417,120
101,231.1843263645614,120
102,311.4846795633972,120
103,306.64719632394747,120
104,306.66061254984464,120
105,306.96881393495846,120
106,307.2225358076102,120
107,307.2104483520119,120
108,306.6068853017806,120
109,306.75669553155114,120
110,306.78897000604206,120
111,306.79852885730577,120
112,306.9728548757852,120
113,307.04282070282954,120
114,307.37995689840983,120
115,307.65690295868484,120
116,307.66322961757,120
117,307.6412865060218,120
118,307.66238670616843,120
119,307.63143946676104,120
120,307.6520123778269,120
121,307.66226137352766,120
122,307.65704156297306,120
123,307.660285810108,120
124,307.6604227342052,120
125,307.66197987279895,120
126,307.6579842813661,120
127,307.66336556293606,120
128,307.65375605941665,120
129,307.6495413329703,120
130,307.6602159081942,120
131,307.66307637838105,120
132,307.66067066010925,120
133,307.6611691700175,120
134,307.66159710044315,120
135,307.4831147702055,120
136,307.42266441858607,120
137,307.45378708569876,120
138,307.45636691921385,120
139,307.47601103888564,120
140,307.49785432221836,120
141,307.7694863836837,120
142,308.1956222979893,120
143,308.1901631695313,120
144,308.17706668435335,120
145,308.17962915048236,120
146,309.97504281811746,120
147,295.3060370543811,120
148,270.598594532482,120
149,270.61200581005016,120
150,270.60765973718725,120
151,270.6129796361844,120
152,270.6061251213139,120
153,270.6072771834341,120
154,270.62936114270576,120
155,270.6311181042637,120
156,270.6191350162562,120
157,270.61918126726755,120
158,270.61763969263654,120
159,270.6088644009134,120
160,270.61716017690793,120
161,270.62018071810314,120
162,270.6188803885149,120
163,270.6247990793389,120
164,270.7388212889968,120
165,270.8124309136851,120
166,270.8609651837035,120
167,272.36971213664066,120
168,272.4073603803949,120
169,272.4132910197712,120
170,272.43349028158684,120
171,279.4020678255617,120
172,288.4248722989811,120
173,289.7493988198903,120
174,290.8389638383729,120
175,291.0120171273328,120
176,295.1529207250922,120
177,296.22816829094955,120
178,8.98256001271528,120
179,6.3566835775247705,120
180,6.33333099079746,120
181,6.335764288212574,120
182,6.346682532579068,120
183,6.346680857442423,120
184,6.3271992490946625,120
185,6.330358544632263,120
186,6.346231493665781,120
187,6.215517776653382,120
188,5.419823075572071,120
189,5.339697139545464,120
190,5.286075821070798,120
191,6.196008328817752,120
192,7.279474842129975,120
193,6.979587974671657,120
194,6.713342164802186,120
195,6.720011033187566,120
196,6.723345016638498,120
197,6.727039230859434,120
198,6.723320010800148,120
199,6.736359234091199,120
200,6.726637359374996,120
201,6.717048640358256,120
202,6.742889463316286,120
203,6.7334755986316965,120
204,6.735880876414104,120
205,6.687249329107447,120
206,6.6933412755732595,120
207,6.699999835016256,120
208,6.6999998063887185,120
209,6.696670087491301,120
210,6.696669530170356,120
211,6.692643849458516,120
212,6.697349900883862,120
213,6.696664491362632,120
214,6.699999809265137,120
215,6.7035602722795264,120
216,6.696439213463947,120
217,6.689994122109124,120
218,6.215112329436281,120
219,5.903744833050037,120
220,143.16828778261865,120
221,345.8822560249309,120
222,346.1298692086252,120
223,346.05668926126106,120
224,345.9966644352366,120
225,345.97014610461787,120
226,345.90666565829474,120
227,345.82690183939553,120
228,345.7799814501443,120
229,346.8023702311319,120
230,347.9124344504706,120
231,334.18858415957374,120
232,315.39183539745665,120
233,315.39043159763986,120
234,315.3827086636292,120
235,315.4005781700398,120
236,315.40720205667526,120
237,315.4014859326969,120
238,315.39409489300766,120
239,315.40728073814097,120
240,315.4016461886014,120
241,315.40048486686226,120
242,315.39721844669293,120
243,315.46347352309857,120
244,315.57725278834886,120
245,315.58792881277924,120
246,315.59578041095403,120
247,315.5882992339641,120
248,315.5942360341172,120
249,315.59538438898625,120
250,310.52929883739233,120
251,305.00766431145274,120
252,305.0121230154121,120
253,305.00858020783573,120
254,305.0105064634737,120
255,305.017505313703,120
256,305.0129516015328,120
257,305.0212472071246,120
258,305.01920339728724,120
259,305.020987738281,120
260,305.04435829463836,120
261,305.0340284894257,120
262,305.0302467475285,120
263,305.0292419805698,120
264,289.39003214734623,120
265,277.86259831406085,120
266,275.7730542151955,120
267,275.7824211130517,120
268,275.77852980043724,120
269,275.76540676561984,120
270,275.80246553463013,120
271,275.81218656951523,120
272,275.80488723502475,120
273,276.3760535499942,120
274,277.93230570891546,120
275,280.6669871917915,120
276,280.7570374639187,120
277,281.70467130346145,120
278,152.72666982272457,120
279,62.158586197326834,120
280,66.33949313363327,120
281,66.83571126913893,120
282,67.16177965519105,120
283,66.78590285166831,120
284,66.77493037667925,120
285,67.10624218812004,120
286,68.79720690367508,120
287,75.72908717842118,120
288,81.09198443714455,120
289,83.31998431065342,120
290,83.22492813787625,120
291,83.05232948186178,120
292,81.1891674952141,120
293,75.81844825544815,120
294,75.37913276913109,120
295,75.27765247828592,120
296,75.7425172805058,120
297,71.8317050487844,120
298,66.5765696936412,120
299,74.75710612086223,120
300,79.2557293539767,120
301,83.01075001795579,120
302,81.65721422595132,120
303,75.92935787074802,120
304,75.23235166425263,120
305,75.41366581729169,120
306,75.45991858912713,120
307,74.21373608010708,120
308,76.79062159140553,120
309,76.04972060548975,120
310,76.35370398080711,120
311,81.15650977248069,120
312,83.252254352819,120
313,83.32701248437219,120
314,94.12076586859227,120
315,84.18614384967354,120
316,80.68960540407508,120
317,78.77913752437938,120
318,78.43325113647816,120
319,79.14159259306514,120
320,70.6085928794609,120
321,75.08932041803482,120
322,76.223021463001,120
323,70.33587531799881,120
324,73.83869773739714,120
325,73.64110105459179,120
326,72.00686960358794,120
327,65.62340733506564,120
328,70.43456796373852,120
329,69.42389228084217,120
330,69.10298574413135,120
331,70.51758974642134,120
332,71.52459257518315,120
333,68.16223456869987,120
334,72.79978204879438,120
335,70.56729428635586,120
336,61.37702634325895,120
337,68.07654246084181,120
338,60.872080317778725,120
339,62.73947363200661,120
340,69.86690670697641,120
341,64.26185796915826,120
342,63.98630756588151,120
343,74.0852984415568,120
344,76.41808168072838,120
345,73.8532152993996,120
346,66.2146119285467,120
347,61.054276728636985,120
348,64.49288681493879,120
349,69.055102000799,120
350,66.98088297970767,120
351,60.50066935527812,120
352,67.51213757387937,120
353,66.13069278886553,120
354,68.53912213004536,120
355,71.66451807012734,120
356,65.94130411527695,120
357,65.09878685570266,120
358,66.17637744382289,120
359,66.20343618737702,120
360,73.98027417648028,120
361,73.66311146011941,120
362,74.44100545308336,120
363,74.27298459085964,120
364,74.32939353249832,120
365,74.35639841196412,120
366,74.39691023791067,120
367,74.35997526548914,120
368,74.42019196106409,120
369,74.47923680118384,120
370,74.47669220921645,120
371,74.49624465094372,120
372,74.38785285107645,120
373,74.41922883183416,120
374,74.61331762580129,120
375,74.65326627097033,120
376,74.79620560206945,120
377,74.77383009604121,120
378,74.7800221671681,120
379,74.77003272968591,120
380,74.76690388254882,120
381,74.78640107890966,120
382,74.76974771986768,120
383,74.76354665165738,120
384,74.7732112059989,120
385,74.76048019214939,120
386,74.76958994782086,120
387,74.71630466440999,120
388,74.64381196107041,120
389,74.75009525582048,120
390,74.65977771204443,120
391,74.67331470867062,120
392,74.55475431210841,120
393,74.55927352476446,120
394,74.46047637378791,120
395,73.78974393069498,120
396,71.42334639768413,120
397,71.45336786764452,120
398,70.88215763276023,120
399,70.82118465299166,120
400,71.01237283556318,120
401,70.80760202916258,120
402,69.33794026933572,120
403,74.98292741234762,120
404,75.13396915583725,120
405,75.10969917977881,120
406,75.05011781126258,120
407,74.99001218093387,120
408,75.05341816102226,120
409,74.70083729301834,120
410,63.617549232968805,120
411,63.40692107432416,120
412,64.97609200801041,120
413,66.55038458615054,120
414,66.51292290109741,120
415,66.50667063189879,120
416,66.50000025249375,120
417,66.1974434176175,120
418,66.38931152136385,120
419,66.86068266674967,120
420,64.54716526992316,120
421,65.78003206352287,120
422,67.51264765856763,120
423,67.29730155897248,120
424,65.72705027960463,120
425,65.28801360727705,120
426,64.69012391277317,120
427,63.67328361234816,120
428,64.17500521219237,120
429,66.47173423421962,120
430,66.65436940255243,120
431,67.02723154146673,120
432,76.33894738814297,120
433,66.70390916580084,120
434,65.8673533922997,120
435,61.9867556163383,120
436,61.326560415875164,120
437,59.931111988541595,120
438,61.349831335479905,120
439,62.7395075001074,120
440,63.15076006686919,120
441,56.765871384551225,120
442,66.64176661730225,120
443,65.27615191203351,120
444,62.95789580641899,120
445,64.04548406165999,120
446,66.37700239068256,120
447,66.36793933766491,120
448,66.79203921073442,120
449,64.60394137929323,120
450,64.94836260441953,120
451,64.9389993692878,120
452,65.09785239997784,120
453,65.52728568093059,120
454,65.3844650197144,120
455,65.28422273296897,120
456,65.54562978975552,120
457,65.74944535172453,120
458,65.481289804764,120
459,65.6742548320848,120
460,65.91170461716817,120
461,66.12399167428855,120
462,63.83039803877503,120
463,63.55696700815792,120
464,61.502959597024066,120
465,61.07536737992334,120
466,62.71655027821797,120
467,63.26347708963104,120
468,62.6189082568377,120
469,61.97070024965839,120
470,61.6704150450166,120
471,61.64648350529766,120
472,61.663311853535994,120
473,61.7296853854309,120
474,61.783322681204346,120
475,61.83311883422112,120
476,61.98879459812761,120
477,62.083321316339436,120
478,61.54683055842595,120
479,61.02318889598615,120
480,61.03586346474559,120
481,61.090181946720044,120
482,61.31005293384525,120
483,61.49903851565778,120
484,61.173027336300855,120
485,61.17702689829443,120
486,61.186684072506004,120
487,61.18335086671298,120
488,61.19611979996626,120
489,60.648322493014554,120
0,242.32465116649817,130
1,242.3358173208645,130
2,242.32660957384704,130
3,242.31661278897747,130
4,242.24670439463233,130
5,242.16595396274218,130
6,242.13878490267896,130
7,242.1720842879406,130
8,242.16523884807143,130
9,242.1510266772174,130
10,242.1500616607937,130
11,242.16514517543968,130
12,241.66863234442556,130
13,241.18326293791233,130
14,241.2171796283824,130
15,241.21966250144195,130
16,241.2148439580769,130
17,205.21670499658714,130
18,185.1673991489325,130
19,185.05243270825008,130
20,184.12001228179358,130
21,184.12001702659597,130
22,184.1366921725608,130
23,184.1104682023352,130
24,184.13020119248174,130
25,184.17307530300664,130
26,184.30033460585176,130
27,184.30635491395847,130
28,184.3136598872247,130
29,184.30000273723851,130
30,157.40097865160723,130
31,116.65043396064893,130
32,116.65376406995391,130
33,116.67251491489297,130
34,116.66720042449886,130
35,116.67977705368261,130
36,116.67331468832153,130
37,116.68665811082454,130
38,116.6933265630715,130
39,116.9355067671206,130
40,117.58001893286583,130
41,117.61026615291546,130
42,117.78106483910086,130
43,118.60312396108341,130
44,118.59334005261334,130
45,118.59666872656344,130
46,138.01148942433107,130
47,215.1171870615313,130
48,215.10310524616787,130
49,215.12354151309077,130
50,215.10667483938334,130
51,215.10310443839535,130
52,215.10691108351674,130
53,215.0930522296485,130
54,215.09726455928333,130
55,215.11637276190675,130
56,215.11000808468543,130
57,215.09667053112534,130
58,215.09667067552803,130
59,215.12373022247604,130
60,215.12630069209885,130
61,225.38335565412476,130
62,251.76399451409935,130
63,258.2251302621324,130
64,262.2805097720041,130
65,271.6559521178877,130
66,270.50576539864187,130
67,266.0670762863016,130
68,265.5756553116098,130
69,265.96521938607117,130
70,266.2899970210943,130
71,266.0582564065987,130
72,267.77627493643183,130
73,270.02914707815256,130
74,272.2240583548951,130
75,276.29858456299803,130
76,280.99134756025705,130
77,285.34531496491144,130
78,279.5811347593902,130
79,278.81916607011647,130
80,270.6459704735239,130
81,269.80234162312854,130
82,276.66508640377003,130
83,279.76121151161385,130
84,280.6492518149528,130
85,277.94848383702197,130
86,279.694892245494,130
87,281.8404692665979,130
88,281.5778649485458,130
89,281.215676889878,130
90,281.2444532157211,130
91,280.76882576802086,130
92,280.37550776577564,130
93,280.3283196329516,130
94,280.3609886244512,130
95,280.53635433125754,130
96,280.6659114297576,130
97,283.93348514733714,130
98,284.7245609400291,130
99,284.7160830528022,130
100,284.7292870911651,130
101,284.7262215241404,130
102,284.7178697474987,130
103,283.9948086254193,130
104,283.8409168739482,130
105,283.84910709136824,130
106,283.84388148645013,130
107,283.8418004818868,130
108,283.85073833020425,130
109,283.85276547270405,130
110,283.852652006069,130
111,283.85562359656154,130
112,283.8317814608747,130
113,283.8338326618986,130
114,285.4864562248446,130
115,315.4073756342649,130
116,311.4497385652399,130
117,323.65823343488853,130
118,326.68628411477357,130
119,317.8001816528163,130
120,316.3127369388454,130
121,298.52859067050474,130
122,334.7900678792543,130
123,322.10307459641206,130
124,306.81197819699076,130
125,274.0862350230812,130
126,323.3117017478711,130
127,307.22880667264457,130
128,233.24818649084904,130
129,277.1559942651717,130
130,309.9568665087394,130
131,331.61187329081497,130
132,317.801697354312,130
133,255.9487125554429,130
134,331.670596383512,130
135,308.33884339275426,130
136,297.8511391929258,130
137,297.14138082491354,130
138,334.4795758093837,130
139,339.62261247514664,130
140,301.1155911277511,130
141,299.4623000624924,130
142,283.02807865971323,130
143,307.4652696418646,130
144,301.2455407569073,130
145,310.7326051342805,130
146,290.1342977641305,130
147,264.0016884069015,130
148,255.64150786087896,130
149,252.2599862828799,130
150,293.7953276700915,130
151,299.04166629489464,130
152,244.6731968451599,130
153,340.11631149477716,130
154,297.7875374039398,130
155,312.71601206512986,130
156,286.5782400159211,130
157,222.4113730757916,130
158,269.9013801482655,130
159,237.61077319699507,130
160,302.6645613357858,130
161,280.06394033613145,130
162,224.1895288563269,130
163,225.15908423663333,130
164,265.52141013163964,130
165,327.89657357582945,130
166,261.7305426289959,130
167,274.82449749002024,130
168,301.67567227024085,130
169,85.62319224160461,130
170,200.36114586729806,130
171,321.96242918719867,130
172,310.5794045171026,130
173,309.97494470665026,130
174,201.6780755091619,130
175,261.1658909022195,130
176,120.88079029129278,130
177,235.29409817493695,130
178,180.4217046645606,130
179,52.12779779181678,130
180,111.18932611341515,130
181,44.137041334947156,130
182,119.12429330407086,130
183,347.1995430331961,130
184,273.8797510172905,130
185,225.93496167411973,130
186,306.075157837426,130
187,265.9886364821688,130
188,63.12728253233583,130
189,107.81243678943682,130
190,190.92082585756583,130
191,4.1246472036767114,130
192,223.93898721318143,130
193,23.377611690211513,130
194,219.56575642394594,130
195,88.05250843854002,130
196,154.53642810279294,130
197,277.96538390211975,130
198,190.1895607937298,130
199,134.5580370669729,130
200,66.36702013299839,130
201,57.715623322597764,130
202,189.218519266546,130
203,257.65377702634714,130
204,257.7441019217062,130
205,158.44989801293073,130
206,9.578045239520359,130
207,27.815577649453463,130
208,91.64316200765685,130
209,291.6167777753293,130
210,209.55546846351976,130
211,270.9031457024284,130
212,55.38419707478126,130
213,181.34254121897575,130
214,43.836569877550374,130
215,35.73083298409562,130
216,89.94522936041034,130
217,15.029537144361793,130
218,79.98484544204742,130
219,99.39099782280387,130
220,123.98184553821105,130
221,200.68917012217975,130
222,220.48416061802635,130
223,178.24847341850156,130
224,276.1332763008758,130
225,168.57283018909163,130
226,269.7878031768013,130
227,209.89946443861726,130
228,270.66289719633926,130
229,154.22739591012967,130
230,218.08022278942113,130
231,200.52034279688505,130
232,188.7310193373494,130
233,258.6942155643536,130
234,146.93966661189052,130
235,188.12429530232126,130
236,282.0158727512416,130
237,192.27490726212005,130
238,210.37184024755265,130
239,237.28961100033337,130
240,248.58634484919503,130
241,290.97255314632093,130
242,169.32640532815324,130
243,236.17143685382433,130
244,284.10700169797815,130
245,237.24317677375322,130
246,205.13332026453472,130
247,278.54343821982786,130
248,243.07380850560972,130
249,187.88652028960811,130
250,287.553406617302,130
251,283.64024942912374,130
252,188.2700517374146,130
253,178.98772687643364,130
254,203.02611422229475,130
255,144.72264905749628,130
256,256.70357443624727,130
257,239.20667376685327,130
258,212.49542081642454,130
259,265.02929287681195,130
260,278.9464068492553,130
261,315.2642788152192,130
262,295.1039312753472,130
263,261.4137153146922,130
264,292.65288584945876,130
265,304.28222279558037,130
266,315.0600353157065,130
267,327.7500795179812,130
268,286.38916884211454,130
269,313.4726266897855,130
270,316.6856035562058,130
271,314.55500783725194,130
272,314.47030928553727,130
273,309.18904609116345,130
274,318.2821416899486,130
275,246.65612233753012,130
276,260.69045126095716,130
277,309.958422648195,130
278,336.4444821262776,130
279,308.073253771782,130
280,264.6562701445645,130
281,312.5246070994744,130
282,293.7181091350878,130
283,334.42836263667215,130
284,323.03650989560333,130
285,273.5454284343669,130
286,325.05743045445695,130
287,285.0227495236644,130
288,313.89466148176575,130
289,309.4986205312489,130
290,312.0312667137618,130
291,332.9301315384982,130
292,318.3470002768105,130
293,332.24424207983327,130
294,331.25602738409555,130
295,291.61487915262546,130
296,325.08492517765796,130
297,318.2298599207376,130
298,328.65930660413,130
299,321.4779444749225,130
300,330.99666543564905,130
301,315.01302851210045,130
302,339.9690321865958,130
303,333.9448892439247,130
304,335.0004630812166,130
305,327.09786058564697,130
306,328.33872554103095,130
307,329.63186376834494,130
308,329.03746279909774,130
309,331.6318162442357,130
310,318.8156110294316,130
311,318.13449921533197,130
312,310.78372410288637,130
313,304.72162477581765,130
314,314.59479974080233,130
315,332.9796021365613,130
316,327.7410989826688,130
317,327.7731540973817,130
318,325.5191609613338,130
319,311.4904462430013,130
320,318.495521585225,130
321,310.9242223219149,130
322,315.1223592152279,130
323,316.2911651171181,130
324,321.1866684112312,130
325,313.17868181669354,130
326,316.20486343733336,130
327,315.49282046210726,130
328,328.7753150129642,130
329,337.0593914180123,130
330,337.62642184085,130
331,323.4119262400066,130
332,336.8429497582711,130
333,337.7808233759776,130
334,328.957188406147,130
335,327.0374773960685,130
336,324.5864117249585,130
337,327.8420670316111,130
338,326.91515105394063,130
339,324.9692516715276,130
340,303.6472896613153,130
341,321.68998542024156,130
342,313.30276003476814,130
343,320.2800337259182,130
344,314.41202727190137,130
345,317.38841966482477,130
346,331.21457398293626,130
347,323.1751008018886,130
348,323.63857418959765,130
349,314.27562682456335,130
350,317.4725825164788,130
351,284.38192355495977,130
352,322.2848594099737,130
353,316.84558786511195,130
354,331.6390253802394,130
355,318.4700164836344,130
356,301.3382546361851,130
357,302.18590355655346,130
358,304.45448366782904,130
359,313.13685806464923,130
360,312.60628285966203,130
361,321.2338135930854,130
362,320.04655669427734,130
363,309.70708420640796,130
364,308.97118744054785,130
365,308.41970223702333,130
366,309.59163246589765,130
367,309.8289496108899,130
368,313.4130639172132,130
369,312.13516340088387,130
370,316.6790614377871,130
371,321.15419958496034,130
372,312.73277079589286,130
373,315.00918016419746,130
374,307.0313560095934,130
375,305.7841197481475,130
376,305.16972973193106,130
377,321.72673211977343,130
378,321.84420052510694,130
379,310.44010559538424,130
380,318.4549098787488,130
381,317.68896951656814,130
382,311.1016749923731,130
383,318.71513074617934,130
384,306.10243295718016,130
385,322.87089666800875,130
386,320.3219122362098,130
387,330.03023379574057,130
388,317.46799827828175,130
389,317.6083604324801,130
390,312.9134986598379,130
391,327.5719013069967,130
392,302.82531589080264,130
393,312.9086894534946,130
394,301.9778455796087,130
395,324.0809334292869,130
396,327.77860869721934,130
397,311.74975072257655,130
398,323.64571399985056,130
399,318.49712151630683,130
400,309.9082767431767,130
401,333.6013424341527,130
402,316.7592234629256,130
403,322.86993466898997,130
404,322.868174002026,130
405,328.311010010776,130
406,323.6941878679003,130
407,311.376686103277,130
408,313.3640654828745,130
409,313.30082611682275,130
410,323.6684700620531,130
411,322.7283542177274,130
412,267.99056047662566,130
413,324.58382766020424,130
414,324.24411537880485,130
415,325.2142636717149,130
416,329.360637403462,130
417,320.3147574328629,130
418,336.371426467073,130
419,291.96811412963035,130
420,329.4053228556227,130
421,314.3588330263541,130
422,327.67183343999534,130
423,322.3857255988725,130
424,306.46527623874715,130
425,342.12302255667834,130
426,287.7621025906647,130
427,332.0647115740518,130
428,329.645127324938,130
429,309.0445764387239,130
430,310.35464238040873,130
431,321.3196864135106,130
432,319.6312758910004,130
433,313.506639863695,130
434,323.35407236733624,130
435,321.95379223964954,130
436,319.75011024587616,130
437,321.1457870652026,130
438,321.68265952561967,130
439,323.0233896484189,130
440,329.311898673072,130
441,311.69035649125846,130
442,326.729240494012,130
443,327.9475544716101,130
444,320.9232521521404,130
445,307.8267779302841,130
446,333.5413654574923,130
447,308.198953003564,130
448,336.7959554231752,130
449,340.173424121186,130
450,323.4998819107925,130
451,316.994554117641,130
452,325.1736882535379,130
453,329.5348103173621,130
454,331.25585675120186,130
455,329.7536496979431,130
456,337.2712228724044,130
457,340.14517216141707,130
458,329.2166059950077,130
459,317.1028787794302,130
460,334.6292145128464,130
461,331.5423464529665,130
462,327.1564482068154,130
463,323.81327534365306,130
464,308.64982968860124,130
465,338.4916974276888,130
466,308.9117235549513,130
467,331.91779491036664,130
468,324.74234542167403,130
469,338.59864497766466,130
470,317.1091303613018,130
471,338.7329819007295,130
472,345.04161665112116,130
473,337.691248251365,130
474,311.6142178245712,130
475,313.3203046961625,130
476,343.170289331856,130
477,332.9776401741242,130
478,343.2378888783751,130
479,300.7553095881189,130
480,314.2611191216945,130
481,305.6623360102096,130
482,299.5365545297448,130
483,289.5823100118389,130
484,337.4078109573271,130
485,317.32296741974665,130
486,288.052841995408,130
487,333.6562648570918,130
488,284.17486450065906,130
489,336.35093653411707,130
0,114.61143493137051,140
1,119.05057649713811,140
2,124.07374902929902,140
3,126.85835392506716,140
4,128.05046695551334,140
5,132.1124362273245,140
6,122.20342775856292,140
7,117.91325268070361,140
8,132.7019171784384,140
9,134.4899710587256,140
10,127.74805998762132,140
11,133.6480446332796,140
12,128.70673773566787,140
13,124.00454812375061,140
14,131.62863181232532,140
15,129.56577384696817,140
16,122.333099039021,140
17,121.1675715068522,140
18,121.19333723808684,140
19,121.15209419785465,140
20,92.45576373376245,140
21,77.15413625076177,140
22,77.19332319503978,140
23,77.19666168149887,140
24,77.06997544198157,140
25,282.5255761726403,140
26,312.3042922089375,140
27,320.9394099257205,140
28,330.88169369190246,140
29,339.4402029126006,140
30,331.83777060814947,140
31,327.19274323796543,140
32,310.2656006894307,140
33,306.95409277883965,140
34,303.3943480954175,140
35,298.14611185431346,140
36,297.2473202111463,140
37,297.26126769410723,140
38,297.39120629291455,140
39,299.7283713945421,140
40,299.9371426566755,140
41,299.9470856610267,140
42,299.9512762465819,140
43,299.92048088953277,140
44,299.9264897809083,140
45,299.95910031186213,140
46,299.98167752312384,140
47,299.9749399406846,140
48,299.95012212364236,140
49,299.9445482772239,140
50,299.9345026051919,140
51,299.9229116453152,140
52,299.71319911818796,140
53,299.70994690186313,140
54,308.0823834662832,140
55,308.7074840312641,140
56,308.71358208855816,140
57,308.72810369224214,140
58,308.7156370763442,140
59,308.7553406658782,140
60,308.73751118824316,140
61,308.72831208523377,140
62,308.73111152034926,140
63,308.721540461266,140
64,308.7292893422557,140
65,306.7249708400421,140
66,304.9372015780295,140
67,314.21785585607995,140
68,326.1985580620827,140
69,326.2366931586685,140
70,326.2199857342271,140
71,326.2199865440896,140
72,326.2269190776817,140
73,326.22304832888665,140
74,324.94610625320024,140
75,322.98469180417544,140
76,322.9689987110709,140
77,322.9697943683588,140
78,322.9844849568336,140
79,322.8899371584671,140
80,322.8833527685551,140
81,322.8916835437534,140
82,322.89785361859913,140
83,306.6001290326842,140
84,300.23245418077437,140
85,295.1921838204885,140
86,294.8223228856262,140
87,300.512075140452,140
88,298.2900005092389,140
89,285.89096124420286,140
90,261.1129952333741,140
91,298.4530446714736,140
92,301.3229348306669,140
93,305.96460396550657,140
94,307.1473555420928,140
95,307.0492130834999,140
96,306.7179578840232,140
97,306.3384880686106,140
98,305.8924604766177,140
99,302.743849438768,140
100,302.14041995287147,140
101,301.6506677286572,140
102,301.45811875355855,140
103,300.52404364308916,140
104,293.0908013112819,140
105,295.7855854258942,140
106,304.41525627852536,140
107,303.1914276306727,140
108,303.0679342962906,140
109,302.49845133524923,140
110,300.60653020986257,140
111,306.77040002550984,140
112,303.7957294138733,140
113,304.1217558922357,140
114,301.9230477767794,140
115,298.45650377018586,140
116,295.880532786458,140
117,296.2670727092047,140
118,296.1396936197504,140
119,294.8143621276285,140
120,286.02322844218526,140
121,287.0548398409427,140
122,304.4765099025741,140
123,296.1703076240376,140
124,296.85056610283874,140
125,285.1525762373643,140
126,288.87637019711804,140
127,286.042077435448,140
128,264.33224919748903,140
129,276.29782965187366,140
130,287.71038109473415,140
131,288.0957658005174,140
132,289.84372323700904,140
133,290.5107082225265,140
134,291.3544017561845,140
135,293.06801518581136,140
136,296.3637893623744,140
137,295.78052906259165,140
138,295.5535873550129,140
139,300.374306754844,140
140,301.60652000512925,140
141,301.4114610781003,140
142,301.22479965347725,140
143,301.18356929035565,140
144,301.16699971037553,140
145,301.18180225723086,140
146,302.4074478054364,140
147,301.0080794629407,140
148,288.45975317296535,140
149,270.5231137796391,140
150,271.74009588395285,140
151,272.0813648008191,140
152,274.512958213366,140
153,274.43571027625575,140
154,271.62247667464385,140
155,272.10534326988807,140
156,295.28229999633726,140
157,295.3634374333022,140
158,293.97710402787646,140
159,292.1186101086915,140
160,285.9949775819844,140
161,281.5230729636748,140
162,281.46592111602,140
163,281.478176047021,140
164,281.4322402589411,140
165,281.2241474211277,140
166,281.064314811355,140
167,281.76080946722305,140
168,280.77178189764385,140
169,277.9648251433371,140
170,279.67656978719594,140
171,276.54140736415434,140
172,273.9001942070367,140
173,270.9955656271099,140
174,257.6572929077662,140
175,242.8442364905357,140
176,242.4156019661244,140
177,242.51806061701643,140
178,237.8667059145921,140
179,232.0140315862398,140
180,231.92413914459647,140
181,231.8852031799557,140
182,231.89339392349973,140
183,231.92880276078768,140
184,231.99581989059953,140
185,231.9897382835088,140
186,231.98707613342376,140
187,231.97429752246484,140
188,231.97157415326413,140
189,231.22437476513113,140
190,227.01422090089565,140
191,228.1573551484822,140
192,228.17822672299613,140
193,230.34536837679195,140
194,230.572521041807,140
195,230.91390635045022,140
196,230.56824816764205,140
197,230.52218445153056,140
198,230.51501189586799,140
199,230.52067341398237,140
200,230.5225575108068,140
201,230.53028525085128,140
202,230.5139028404026,140
203,230.50851636506812,140
204,230.43447986640498,140
205,230.38512752998193,140
206,230.38697687346277,140
207,230.38187624447067,140
208,230.39083776920847,140
209,230.33179201914254,140
210,230.22692639006925,140
211,230.21970374726467,140
212,230.24158207720194,140
213,230.2405691582824,140
214,230.23487563195783,140
215,230.22149587807803,140
216,230.2468089956752,140
217,230.24781017926693,140
218,230.2515449559099,140
219,230.58132909205872,140
220,231.28252723022112,140
221,231.28649883735577,140
222,231.29982449346784,140
223,231.30747373966133,140
224,231.30368620525783,140
225,231.2937858941958,140
226,231.29363474538712,140
227,231.32793536488919,140
228,231.32359909433578,140
229,231.60520724732248,140
230,232.11493851924547,140
231,232.13543922697102,140
232,232.22796745048112,140
233,232.21916588656202,140
234,236.69867690930673,140
235,281.85412436272776,140
236,282.70912091773295,140
237,282.9316882511212,140
238,282.95711410854756,140
239,283.7616298455653,140
240,288.4928020128361,140
241,307.4705365540169,140
242,310.39744838211334,140
243,323.56282637055466,140
244,325.5100065962217,140
245,325.3051780681444,140
246,324.38914386397875,140
247,323.775183904462,140
248,323.52594186501403,140
249,323.4103008241578,140
250,323.24638719903504,140
251,323.0504152138602,140
252,323.04376837399536,140
253,322.97511405849644,140
254,321.7981451573774,140
255,321.0742826428595,140
256,313.37312919609053,140
257,312.6457699474256,140
258,312.572222061725,140
259,312.4417824378496,140
260,312.44703714269224,140
261,312.42544410907476,140
262,306.25931577268256,140
263,282.9702041848389,140
264,282.90549021022633,140
265,282.88509859955,140
266,282.7512759883102,140
267,282.7431745365502,140
268,282.74016982700846,140
269,282.7416691570449,140
270,282.7472485548431,140
271,283.0080327087055,140
272,282.99298005451925,140
273,286.31555153881294,140
274,288.8861890612746,140
275,288.98207396057956,140
276,288.9420367659083,140
277,288.94423963120823,140
278,288.93556719964977,140
279,288.9373479322873,140
280,288.93215967015044,140
281,288.9333123313041,140
282,288.9273041580526,140
283,288.90648081054053,140
284,288.9181374469322,140
285,288.9368073220294,140
286,288.9404241341237,140
287,288.945495253217,140
288,288.9237429931951,140
289,288.8495153463222,140
290,288.814469788612,140
291,288.8044270971866,140
292,291.56251625729533,140
293,305.3804783347153,140
294,306.00773458817974,140
295,307.0577228029198,140
296,307.2750866512544,140
297,309.5464192094491,140
298,314.5550849159822,140
299,317.47704555097056,140
300,314.3615228396628,140
301,314.55013520102955,140
302,314.6621604303232,140
303,314.6302450495681,140
304,314.4463403702623,140
305,314.11902193369343,140
306,314.42175664668713,140
307,314.70038394341356,140
308,313.2890720115935,140
309,309.0180526729599,140
310,300.4359788860609,140
311,300.4010427687066,140
312,300.45612221786564,140
313,299.9416874241661,140
314,299.19149487838274,140
315,299.2005452669522,140
316,299.0541551371836,140
317,299.03616128479126,140
318,298.90952368050796,140
319,298.82605697182515,140
320,298.83513469827096,140
321,298.81937997603245,140
322,298.8305497048605,140
323,297.71478605916633,140
324,296.86970778767227,140
325,296.05794884327,140
326,295.5757458741759,140
327,295.57031103933423,140
328,295.60905217595433,140
329,295.62694108775077,140
330,295.74239907272135,140
331,295.71378617628807,140
332,295.7156681627307,140
333,295.72633759212084,140
334,295.7105005598057,140
335,295.57100176546,140
336,295.18055927147293,140
337,295.1937722256843,140
338,295.1973052712866,140
339,295.2024314575377,140
340,295.2002960464813,140
341,295.20187482679387,140
342,295.2060693535164,140
343,295.1913582491137,140
344,295.20137672713685,140
345,295.1979855834254,140
346,295.18156390205996,140
347,295.19700506715094,140
348,295.1072747258449,140
349,294.82423957890836,140
350,294.74105409721494,140
351,294.76345531181755,140
352,294.7608175038493,140
353,294.7996605008504,140
354,294.8158831394394,140
355,294.8290630836155,140
356,294.8270667076146,140
357,294.8312809023955,140
358,294.85380954445327,140
359,294.8640946138054,140
360,294.86331923900946,140
361,294.85718163532005,140
362,294.8513040635385,140
363,294.8457129825599,140
364,294.84992178713884,140
365,294.838593004549,140
366,294.85523488378067,140
367,294.8526389402079,140
368,294.84952947449943,140
369,294.8538965500234,140
370,294.84896908165933,140
371,294.85047526651135,140
372,294.85511571467316,140
373,294.85492240297646,140
374,294.79627939448693,140
375,294.7939538223644,140
376,294.79262855707765,140
377,294.7939872589087,140
378,294.78792528952704,140
379,294.7967804518163,140
380,294.7975745731652,140
381,294.7946960603526,140
382,294.79020338743425,140
383,294.7843446399069,140
384,294.7816947016275,140
385,294.78513482715,140
386,294.7747774105776,140
387,294.7787788715995,140
388,294.7776179606658,140
389,294.7834990413175,140
390,294.78211394908436,140
391,294.7761839590982,140
392,294.7799711850093,140
393,294.7779768658694,140
394,294.78452147535467,140
395,294.7980934234586,140
396,294.78985028740414,140
397,294.7908319554153,140
398,294.81028702774927,140
399,294.85694615815333,140
400,294.97302221803966,140
401,295.82124464572956,140
402,296.4939893948898,140
403,296.42842534613635,140
404,296.3878679210697,140
405,296.4042709337237,140
406,296.37054408931147,140
407,296.38294717864335,140
408,296.3906819609754,140
409,296.38251829315755,140
410,296.1089575033588,140
411,295.66892770269914,140
412,298.8184361049727,140
413,301.56936393329454,140
414,300.46610561304385,140
415,301.6787505199077,140
416,300.3481353738311,140
417,300.8537152463717,140
418,300.9440847509259,140
419,300.3303296143957,140
420,300.34308081267227,140
421,300.4573084022903,140
422,300.2883983506991,140
423,296.344134200194,140
424,309.05449016718427,140
425,308.68028503009236,140
426,302.57508477547236,140
427,302.62280441085653,140
428,302.6008915897372,140
429,304.1540627361632,140
430,304.3490233411141,140
431,304.3546402633556,140
432,304.3293752844388,140
433,304.27057762760205,140
434,304.1432772244557,140
435,304.07665274414023,140
436,304.10985442084575,140
437,303.9258022282614,140
438,303.97233676501315,140
439,303.9880598990658,140
440,304.39381500563485,140
441,305.6574197021833,140
442,306.4385016273134,140
443,306.2019986683197,140
444,306.42004988338874,140
445,306.39411095257276,140
446,306.32528409592317,140
447,306.3564620987165,140
448,306.43519835397865,140
449,306.5175543983582,140
450,306.62645234085926,140
451,306.7090883403827,140
452,306.7011580647459,140
453,306.7157765387354,140
454,306.70554625859864,140
455,306.69963956256777,140
456,306.7021397543108,140
457,306.69853324218,140
458,306.7007543205183,140
459,306.70118685027415,140
460,306.7093443839225,140
461,306.71435581962464,140
462,306.70522707812404,140
463,306.7222733130918,140
464,306.7116332584035,140
465,306.7063354127148,140
466,306.70724964496736,140
467,306.70400163243403,140
468,306.7001267929817,140
469,306.69921946563034,140
470,306.70594107176424,140
471,306.7059312313348,140
472,306.6905146603932,140
473,306.6911422034649,140
474,306.6823584120118,140
475,306.68608313624856,140
476,306.6884234291066,140
477,306.67703373233513,140
478,306.7579885813735,140
479,309.05772579867903,140
480,309.1066510610542,140
481,309.1167758201088,140
482,308.9343557576031,140
483,312.67689184446914,140
484,314.15117489918174,140
485,314.79587219867534,140
486,315.3098555288726,140
487,315.6580841644459,140
488,139.89469707919267,140
489,74.52285583741235,140
0,255.92961946001782,150
1,248.34507507141484,150
2,264.5397841137316,150
3,248.9729614184363,150
4,247.39050139528248,150
5,237.5354939317652,150
6,234.68226914631873,150
7,259.40594979064815,150
8,259.04838855808407,150
9,256.14652457516087,150
10,254.71712330034296,150
11,248.1861109359996,150
12,246.07571096850975,150
13,262.957737405483,150
14,254.7168582166763,150
15,257.2599751850699,150
16,256.0399463307928,150
17,241.3550164677119,150
18,258.7951639786019,150
19,240.7655556324211,150
20,254.79610005257996,150
21,253.84136451369795,150
22,257.20768730732567,150
23,258.41847630020385,150
24,248.18143593593152,150
25,247.94348465395646,150
26,247.8680757988009,150
27,247.8447519894699,150
28,247.9110094209516,150
29,247.8413802404751,150
30,247.91918587535454,150
31,247.92256665121675,150
32,247.88359963647267,150
33,247.2049620354772,150
34,246.6604039412086,150
35,246.71986275985057,150
36,246.76210282321603,150
37,246.6786373187115,150
38,246.61417150778732,150
39,246.56151840588385,150
40,246.56184787755794,150
41,246.56173042501084,150
42,246.5673644943887,150
43,246.55998028988594,150
44,246.56606523266828,150
45,246.5656332112572,150
46,246.56158140859975,150
47,246.56873815571387,150
48,246.56026778487728,150
49,246.55790478509522,150
50,246.56528446557164,150
51,246.08780313322953,150
52,229.48262212954157,150
53,224.99829264593814,150
54,224.99186047324122,150
55,225.0034087712471,150
56,224.99508527489934,150
57,224.99167826360204,150
58,224.99624408772644,150
59,224.99280477304626,150
60,224.98639235763886,150
61,224.9920181787075,150
62,224.9880171012589,150
63,226.93870904595806,150
64,229.22338983294804,150
65,229.19632342110773,150
66,229.18471731200904,150
67,229.18278725388924,150
68,229.1918348819305,150
69,229.18599338264437,150
70,229.19415043847087,150
71,229.05039737826246,150
72,228.88416198882743,150
73,228.33459294021816,150
74,228.2128793717654,150
75,228.15071204527678,150
76,228.13599315079597,150
77,228.1449164378399,150
78,228.14049566228925,150
79,228.13035750414588,150
80,228.14347246420175,150
81,228.12692877041295,150
82,226.73073539448148,150
83,174.916264704221,150
84,158.92358435533288,150
85,158.9633100326061,150
86,158.93995932926327,150
87,158.9679829939949,150
88,159.3626199625902,150
89,159.3596189649989,150
90,159.52951174155552,150
91,159.72013579830258,150
92,159.74335794356014,150
93,159.72668308224874,150
94,159.52161722902656,150
95,159.3106142038501,150
96,159.02930583276117,150
97,157.13382559030805,150
98,157.11941144711793,150
99,157.11062619106096,150
100,157.10923838542476,150
101,156.63940736862034,150
102,155.56941101604687,150
103,154.16237969250997,150
104,153.13859050704374,150
105,152.8732083061084,150
106,152.8828993365693,150
107,152.8235293876345,150
108,151.93088456742916,150
109,151.46299322713477,150
110,151.44700583788483,150
111,151.4269168903844,150
112,151.45967305324564,150
113,151.4736710429565,150
114,151.47000922789798,150
115,151.4729332885307,150
116,151.4899932779904,150
117,151.47998236417928,150
118,151.48632184455545,150
119,151.48699394190697,150
120,151.50950765924637,150
121,151.55828531136513,150
122,151.32137751599097,150
123,148.38575017987938,150
124,146.569334144063,150
125,147.02802422840875,150
126,146.84175128739184,150
127,148.52418625920575,150
128,247.25830444510578,150
129,256.78175751380616,150
130,256.84818741034013,150
131,257.08232984378753,150
132,258.1613677016175,150
133,262.9854224657271,150
134,292.5908272824882,150
135,293.35449375356797,150
136,293.32325001767623,150
137,293.32278892555007,150
138,293.32783554285487,150
139,300.7133930686111,150
140,305.57674597710854,150
141,306.08766675938574,150
142,305.9324714816336,150
143,305.93895797781187,150
144,305.9400043661217,150
145,305.9447134030013,150
146,305.80487066979117,150
147,305.59846544268567,150
148,305.55426778173364,150
149,304.994222144968,150
150,304.8521815827735,150
151,304.88325598380646,150
152,304.9275450128668,150
153,304.9913677437977,150
154,304.99089614998053,150
155,304.98142897319684,150
156,304.9796315413274,150
157,304.96540041772386,150
158,304.9948185662273,150
159,305.00021727387565,150
160,305.0160022680711,150
161,305.425042433598,150
162,306.46971076752885,150
163,305.93720683222284,150
164,306.0192701990209,150
165,330.45528382283146,150
166,334.4739371792606,150
167,316.25225339539077,150
168,311.0177018534586,150
169,309.94877905863143,150
170,310.9124391537896,150
171,330.8297611426117,150
172,320.66556097807216,150
173,303.88380461022547,150
174,313.59375942789643,150
175,313.53094156781987,150
176,314.8471662016106,150
177,317.97103932252014,150
178,318.42595614066886,150
179,317.78237219688657,150
180,317.6460743592007,150
181,317.63565565988813,150
182,317.66184218218564,150
183,317.63228710332925,150
184,323.71026817037705,150
185,333.96339513735484,150
186,332.92460767840356,150
187,328.1550334726619,150
188,323.2060509316093,150
189,322.27554018077285,150
190,322.1342171721492,150
191,322.06695092839135,150
192,322.0247793993403,150
193,322.03866542136285,150
194,322.04145244390196,150
195,322.0626933432351,150
196,322.0875131576751,150
197,322.06329603414576,150
198,322.02445695885825,150
199,322.025410094634,150
200,322.0067841911611,150
201,322.0106920496374,150
202,322.0675753344616,150
203,322.1828041086336,150
204,322.43776673100456,150
205,322.45100528276396,150
206,322.4401689400349,150
207,322.81875879238845,150
208,316.2707632802592,150
209,309.58253719847016,150
210,309.56786423664715,150
211,309.57525301924477,150
212,309.64240890634875,150
213,309.6408699551162,150
214,309.6407163016085,150
215,309.64142135183107,150
216,309.6359148682018,150
217,309.62940290981464,150
218,309.6411230410686,150
219,309.6363834369381,150
220,309.6319805839139,150
221,309.62972726946543,150
222,309.64574097622716,150
223,309.63036423494367,150
224,309.6236149950059,150
225,309.6234881489275,150
226,309.6495654053677,150
227,309.7819171929569,150
228,77.20337619955342,150
229,54.376948606673594,150
230,53.852182674370944,150
231,53.99168583145909,150
232,65.45413691822615,150
233,82.07545664999533,150
234,78.13244421777225,150
235,76.6784099512573,150
236,72.6253531377827,150
237,77.86570963895312,150
238,77.79001231685262,150
239,77.77694078884068,150
240,77.7864086063549,150
241,77.77697500206175,150
242,77.77299723996366,150
243,77.78018903872939,150
244,77.78578706683757,150
245,77.98375201839963,150
246,69.99618310849083,150
247,65.24150772239669,150
248,65.00676251136974,150
249,65.08006430682678,150
250,65.15248801225408,150
251,65.15040392288977,150
252,65.1533296390948,150
253,65.13661788237742,150
254,65.1427928327695,150
255,65.15403178900387,150
256,65.2659263343614,150
257,65.74239997969481,150
258,67.80769747888858,150
259,77.6441553008918,150
260,75.21508037686327,150
261,62.96166249250574,150
262,51.87941474831227,150
263,59.16585475035425,150
264,72.20458097707619,150
265,55.58472288757958,150
266,62.17425022476968,150
267,62.07816602285968,150
268,62.59321980690673,150
269,61.636882266323866,150
270,62.09861469354169,150
271,62.16785335107878,150
272,62.41249596266878,150
273,64.09794434087131,150
274,64.10666994504228,150
275,64.1163617371053,150
276,64.85589422551315,150
277,64.90617685647143,150
278,64.8899956554228,150
279,64.8899959329656,150
280,64.33365745863848,150
281,64.31970125394874,150
282,64.40281121534987,150
283,64.30462717808871,150
284,55.82719308817688,150
285,43.368915295600985,150
286,19.26487574834937,150
287,18.916677680092086,150
288,18.91334112689227,150
289,16.843910424269623,150
290,13.20412328384932,150
291,13.206892047241094,150
292,13.213086681507638,150
293,13.200000238014113,150
294,13.199999006586614,150
295,13.20041537701495,150
296,13.206245167630353,150
297,13.209989426835696,150
298,13.223896200244742,150
299,13.230031195488943,150
300,13.239730695620345,150
301,13.334240635129843,150
302,13.877758930557274,150
303,14.75624063935031,150
304,15.399999618530273,150
305,15.39332900637537,150
306,15.399999618530273,150
307,15.373771387220044,150
308,15.369528353045848,150
309,15.380505557864598,150
310,15.38280271283854,150
311,15.363036378498558,150
312,15.357535282532092,150
313,15.366456899758933,150
314,15.061341200935042,150
315,14.967386569365937,150
316,14.972577063980847,150
317,14.953980492547005,150
318,14.953372005630227,150
319,14.907468968367567,150
320,14.694270429802442,150
321,14.1766902662978,150
322,14.147205296482769,150
323,14.106908124096542,150
324,14.125825650713903,150
325,14.15084896440316,150
326,14.163317062617773,150
327,14.166211009180586,150
328,14.156261868985137,150
329,14.127534906107666,150
330,14.156340404947906,150
331,14.146990363444708,150
332,14.163338855900383,150
333,14.15625346525393,150
334,14.218771568075232,150
335,16.816041880788248,150
336,16.833314746391,150
337,16.87494175439102,150
338,37.81363997646195,150
339,44.54411240097265,150
340,52.89395012568312,150
341,53.933157385949734,150
342,54.06469167595619,150
343,62.49627221959304,150
344,63.53406050417784,150
345,72.13295535795342,150
346,52.20131906612171,150
347,53.54586269032601,150
348,55.65934913627223,150
349,58.59189912478061,150
350,51.85214685505987,150
351,52.77195149252005,150
352,52.643274087024956,150
353,51.85568141649235,150
354,51.30118924737858,150
355,52.85858231728488,150
356,51.520078702324376,150
357,51.24554113833988,150
358,50.42187644513218,150
359,50.422844727471826,150
360,50.41667799458091,150
361,50.41997529418508,150
362,50.4170859453038,150
363,50.426653465143225,150
364,50.44302151696728,150
365,50.401135518969554,150
366,50.38552077890397,150
367,50.234442947722656,150
368,50.096664238366714,150
369,50.106671168730564,150
370,50.106658832623935,150
371,50.097257615786646,150
372,50.10939812271866,150
373,50.11331626970877,150
374,50.109989890666334,150
375,48.3083516065307,150
376,42.76015529599587,150
377,41.59028561677345,150
378,41.63635112872144,150
379,41.6406710830321,150
380,41.663117124487044,150
381,41.66331011518487,150
382,41.679386977141895,150
383,41.6642029437106,150
384,41.66302267079344,150
385,41.66998275549337,150
386,41.66655202712973,150
387,41.66007285224431,150
388,41.64956945600554,150
389,41.637035888507775,150
390,41.65997753436239,150
391,41.66383909119044,150
392,41.66945528003223,150
393,41.65363428863765,150
394,41.656067318386725,150
395,41.65755870044205,150
396,41.65910582330476,150
397,41.650921601544646,150
398,41.65588834333527,150
399,41.656497525925644,150
400,41.67350974654273,150
401,41.93948904397592,150
402,42.38689210050482,150
403,42.41637725562897,150
404,42.58257387057931,150
405,42.61049377360502,150
406,42.633296641173864,150
407,42.630314467551536,150
408,42.603533184747405,150
409,42.63608105829706,150
410,43.134744952020206,150
411,44.07022907095813,150
412,44.48788298788679,150
413,44.856820277164246,150
414,44.86664647826592,150
415,44.88041248432738,150
416,44.872904420650926,150
417,44.86762208020879,150
418,44.89236051065256,150
419,44.870529424638185,150
420,44.88945725641565,150
421,44.85714460468179,150
422,44.896229821148744,150
423,44.89001162024469,150
424,44.900001525878906,150
425,44.889386354745824,150
426,44.880648075610175,150
427,44.88668068748376,150
428,44.886682481691984,150
429,44.89001082503497,150
430,44.89333063885184,150
431,44.88665967110342,150
432,44.866032091901594,150
433,44.864113603712596,150
434,44.872427231527624,150
435,52.590361165163216,150
436,54.92903307446441,150
437,57.13068434344489,150
438,55.79153592890163,150
439,54.92739548636029,150
440,53.02444161325525,150
441,56.81887719871463,150
442,56.690255066429906,150
443,57.57155961098967,150
444,60.53209318075024,150
445,65.71095530422262,150
446,65.38766056056572,150
447,65.37703911722413,150
448,64.59858849710449,150
449,42.53995344499315,150
450,33.248633251958175,150
451,34.52609053721507,150
452,37.199737537707044,150
453,40.75613940494036,150
454,44.76100279490971,150
455,45.63187974111884,150
456,56.40529142577966,150
457,61.02747894721396,150
458,60.18691736923832,150
459,71.13142130660744,150
460,65.03395447776272,150
461,56.35126526617945,150
462,47.51206121606301,150
463,50.32712127900478,150
464,54.606223527898386,150
465,73.0683716530875,150
466,73.73460524012641,150
467,62.313745099516396,150
468,67.80996061916655,150
469,67.80351600679708,150
470,67.50007067001951,150
471,67.26605876160852,150
472,67.6937604090279,150
473,69.09229287199472,150
474,68.01281561691644,150
475,65.7614763664967,150
476,63.66601858740884,150
477,67.91224256998429,150
478,67.28588167684646,150
479,68.23943343581448,150
480,55.287614784653734,150
481,55.62818757031419,150
482,55.46393503006484,150
483,55.44299566441004,150
484,55.45353930810556,150
485,55.583620088117414,150
486,60.01932317292866,150
487,64.54784494551986,150
488,63.59367314153132,150
489,56.840395790441804,150
0,239.28753729869317,160
1,243.35667899299588,160
2,232.79705893422772,160
3,242.04071315587146,160
4,241.8148763282159,160
5,247.9843945712316,160
6,239.00421734021006,160
7,234.1296673793221,160
8,243.76307411887242,160
9,243.57300768246932,160
10,241.78851859586635,160
11,240.00692336065254,160
12,241.46914193026905,160
13,230.95499289664312,160
14,239.33689174386913,160
15,242.85288393240467,160
16,243.1270012229481,160
17,247.99348649162587,160
18,256.13223264219624,160
19,237.8482133878888,160
20,242.6691265924057,160
21,230.86077762489901,160
22,248.07769649100993,160
23,239.51691008578902,160
24,247.40549535238384,160
25,233.8789089941305,160
26,231.03396675350157,160
27,233.96405129858195,160
28,239.99801651329366,160
29,241.37596882589582,160
30,242.12204335676034,160
31,223.84601221085597,160
32,223.6888677229986,160
33,236.3916525896612,160
34,226.90730196439674,160
35,241.14985477199815,160
36,225.5383266414567,160
37,232.56139591810216,160
38,229.57592997092604,160
39,241.9830159428776,160
40,233.5243439940136,160
41,245.96604893257873,160
42,218.07486689774555,160
43,230.0151607737959,160
44,227.7616480002596,160
45,225.4000447686711,160
46,233.43110623850177,160
47,227.81492782607432,160
48,227.1017557664437,160
49,231.50215968544182,160
50,233.2752269596043,160
51,229.34872704844202,160
52,236.3818510329986,160
53,235.14333290153627,160
54,226.48311488827045,160
55,227.29315246129698,160
56,227.9298042478548,160
57,228.636112896236,160
58,228.2642305924319,160
59,228.13896877396456,160
60,228.31406524890136,160
61,228.6026172183326,160
62,229.0321623778111,160
63,228.65053506047298,160
64,219.2371688869649,160
65,181.46286799567753,160
66,182.11025332608426,160
67,182.15350117523326,160
68,182.13976935084054,160
69,182.0305416086871,160
70,181.98324632273088,160
71,181.87996795049224,160
72,181.88037851029904,160
73,181.86705976602713,160
74,181.87579635106667,160
75,181.88054273606068,160
76,181.7522393413824,160
77,181.64328453512735,160
78,178.27475872086686,160
79,176.47599010632715,160
80,176.47751201365628,160
81,176.383991801193,160
82,152.6102539601348,160
83,138.84857699382465,160
84,138.8471211149376,160
85,138.86997785274175,160
86,138.89999389648438,160
87,138.89665941429863,160
88,138.89665883631457,160
89,138.88998824819987,160
90,138.89665885386262,160
91,138.89707614009043,160
92,138.8862358517942,160
93,138.8799831052784,160
94,138.88999333714304,160
95,138.90333089339433,160
96,138.89999389648438,160
97,138.8933185385191,160
98,138.90333464421158,160
99,138.88666235972423,160
100,138.89333481621634,160
101,138.89695364193523,160
102,138.8963752152003,160
103,138.8866758419641,160
104,138.8929000378432,160
105,138.89044067364046,160
106,138.89944445448543,160
107,138.89721397717247,160
108,138.8833464488389,160
109,138.88204056041687,160
110,138.77386143411002,160
111,138.87735739798427,160
112,138.87935456577517,160
113,138.88728226664102,160
114,138.87942746465097,160
115,138.8938803857348,160
116,138.88998800507204,160
117,138.88998868405864,160
118,138.90292063591892,160
119,138.87705703907915,160
120,138.8833231444149,160
121,138.88965154939763,160
122,138.88667988758328,160
123,138.890299116595,160
124,138.89999423548662,160
125,138.8999948833932,160
126,138.90311568322824,160
127,138.896873036895,160
128,138.95961394239788,160
129,139.01984055207345,160
130,139.01997455264535,160
131,139.0199831762611,160
132,139.00665937891148,160
133,139.01331169664203,160
134,139.0161665130445,160
135,139.02379592390008,160
136,138.99667110908248,160
137,139.02997043115738,160
138,139.0094159613805,160
139,138.9908218422016,160
140,139.00307600639067,160
141,138.97388444066718,160
142,139.46358270462463,160
143,139.38363860008758,160
144,139.16579157685726,160
145,138.9470042769575,160
146,138.9962636465298,160
147,138.84716175223514,160
148,138.80950783154614,160
149,138.81331212341382,160
150,138.83083634982276,160
151,138.86940966825503,160
152,138.88219724150545,160
153,138.87444107008403,160
154,138.89665931840722,160
155,138.88465065057653,160
156,138.83656820646027,160
157,138.66401596125363,160
158,138.69854172053635,160
159,138.7675768010917,160
160,138.77881840940987,160
161,138.69371264141571,160
162,138.7667022220621,160
163,138.80268981976172,160
164,138.80397375526934,160
165,138.79967654683603,160
166,138.78034981334812,160
167,138.78336891109265,160
168,138.83994678159192,160
169,138.90648224049352,160
170,138.93332408048008,160
171,138.8502023492595,160
172,138.79666660315362,160
173,138.80708077813844,160
174,139.2826776022227,160
175,139.087867836665,160
176,138.8028438332329,160
177,138.78999373767212,160
178,138.83668972586403,160
179,138.82001229706268,160
180,138.7345217302546,160
181,138.50952933985363,160
182,138.6066613792032,160
183,138.09662897435135,160
184,137.32920182319407,160
185,137.3477001249976,160
186,137.27362801028403,160
187,136.9480216444741,160
188,136.77436400909838,160
189,135.32386945582417,160
190,129.47837156344252,160
191,129.284537075948,160
192,127.79678832387494,160
193,112.96957361472464,160
194,111.79690013425896,160
195,113.66763968509812,160
196,112.7676095591175,160
197,109.48309336662035,160
198,107.89627080187516,160
199,107.79157144614014,160
200,101.27538657405597,160
201,93.02652032165435,160
202,93.2578637946143,160
203,92.65420905048742,160
204,92.72283944875626,160
205,95.46930670002807,160
206,97.7442709260787,160
207,97.8570973347701,160
208,98.06379374943972,160
209,98.4144002726963,160
210,99.70782940619212,160
211,101.13732529469574,160
212,102.56458380647017,160
213,102.75022391422246,160
214,103.5378770883502,160
215,104.58044163242043,160
216,103.9187015888487,160
217,102.8011783734969,160
218,102.59696696551539,160
219,104.0002255244254,160
220,103.0906888011865,160
221,103.68312078341364,160
222,103.61755609947095,160
223,102.82692620291452,160
224,102.43443083205734,160
225,102.631579880315,160
226,101.96965662084509,160
227,100.03465598711696,160
228,99.67014330171669,160
229,98.4277625654071,160
230,97.6393695977346,160
231,96.98894099243519,160
232,96.27807298007788,160
233,94.72979342367289,160
234,92.97384548665006,160
235,92.81901346314177,160
236,92.87654491324375,160
237,92.03381414958662,160
238,91.34741425325535,160
239,86.9621368050464,160
240,85.83838311825289,160
241,85.29406407497831,160
242,84.42489293697273,160
243,81.19749842293652,160
244,79.68805987328147,160
245,81.95453724260618,160
246,81.03261318550462,160
247,80.66470657716637,160
248,81.08185758219955,160
249,82.90343602410807,160
250,87.6010493563312,160
251,96.97717445830024,160
252,106.373760002501,160
253,103.13117858160227,160
254,99.07274902374155,160
255,106.27043645200978,160
256,106.26576501853741,160
257,106.4150812902659,160
258,103.48819390587964,160
259,90.3369378624571,160
260,82.39652322279136,160
261,77.71562989882125,160
262,71.07584586343923,160
263,73.01642296302045,160
264,72.08076138653949,160
265,71.01948449001708,160
266,90.01053281728774,160
267,112.30122176798427,160
268,112.70499386066962,160
269,114.08402501396716,160
270,113.75909695351066,160
271,111.97631721361219,160
272,112.38464483738707,160
273,111.05693242147238,160
274,112.0419001526222,160
275,111.84458716543905,160
276,101.18918905035889,160
277,73.76751077279566,160
278,94.03980413682989,160
279,111.49132375629884,160
280,115.88466756507209,160
281,112.53198799146493,160
282,112.39414479916638,160
283,75.74532571154607,160
284,99.56482638246855,160
285,80.94330102339514,160
286,86.44859476104088,160
287,91.83924430707897,160
288,104.64798963903681,160
289,76.8033406161368,160
290,99.54717686715773,160
291,103.4356580670903,160
292,73.62683750232591,160
293,84.33900573317351,160
294,67.61461003331722,160
295,71.56002818323076,160
296,76.67663042180605,160
297,72.70292221073802,160
298,72.60281562412246,160
299,96.76522659798387,160
300,81.65277667448638,160
301,81.60393844303933,160
302,77.40535799206762,160
303,103.269147412768,160
304,94.78064066769451,160
305,72.17281923861871,160
306,73.41226053734857,160
307,72.32985031209236,160
308,71.4852271901724,160
309,70.09303062805208,160
310,83.68943250431778,160
311,91.64336045570826,160
312,105.00865219588322,160
313,85.73544082807861,160
314,83.14712392700977,160
315,98.41998312484037,160
316,69.64329072748417,160
317,84.79301280464975,160
318,77.86316941430309,160
319,100.5179747161678,160
320,76.10438956671194,160
321,70.91168275074584,160
322,71.70134865870158,160
323,75.90673467211666,160
324,108.88846483811793,160
325,78.91624817549916,160
326,74.28584747150495,160
327,71.51059723496832,160
328,71.70459555679793,160
329,78.87150324848899,160
330,71.74958492260471,160
331,73.96394842165836,160
332,93.9813910308527,160
333,79.66731651779217,160
334,70.22044981395857,160
335,71.08945663266086,160
336,69.73022572125723,160
337,69.28574121174923,160
338,65.85034485428044,160
339,67.85251691746663,160
340,71.56140005517727,160
341,71.18793076830205,160
342,71.72027569185164,160
343,72.07091163054432,160
344,71.40607329759258,160
345,70.00428961581088,160
346,71.09137321243013,160
347,71.25634274288751,160
348,71.09639303952996,160
349,74.74939885121688,160
350,71.69744344696136,160
351,72.90448849541973,160
352,75.78081705958716,160
353,76.1625205857002,160
354,67.8209768381513,160
355,71.49453095303657,160
356,72.37919617621455,160
357,74.90861323348307,160
358,73.40807009057387,160
359,73.04517704969976,160
360,74.09419807907179,160
361,74.11948240632047,160
362,72.45181226135469,160
363,75.1337807575774,160
364,75.82181151702436,160
365,72.77650979387522,160
366,75.14870554061264,160
367,76.04933492977781,160
368,70.27566940536826,160
369,72.46459127795183,160
370,70.89787568228266,160
371,72.6128144313676,160
372,74.35880012339065,160
373,117.77522087103848,160
374,76.93892811125612,160
375,76.3512987839387,160
376,92.5743170286772,160
377,86.02468420193169,160
378,72.56212040696806,160
379,71.22840523346183,160
380,78.25370955707179,160
381,86.93996555747854,160
382,83.5992185493937,160
383,83.9427923496127,160
384,101.23675389858344,160
385,87.82226351384466,160
386,71.28618413155651,160
387,72.23567717668993,160
388,70.84271557624432,160
389,69.2957617002444,160
390,78.02200497037816,160
391,77.54395826757947,160
392,73.89984432031572,160
393,71.10081395655276,160
394,73.10279597257741,160
395,70.66610543139106,160
396,73.04382623290796,160
397,71.35570520043038,160
398,72.99909535137166,160
399,74.98850252845425,160
400,75.91276686599234,160
401,73.01022217304187,160
402,69.60942247297001,160
403,73.5207831898935,160
404,72.57637368507227,160
405,73.94354111067199,160
406,72.87772611385641,160
407,73.31435991074883,160
408,70.42788070490322,160
409,71.70373762380223,160
410,71.96876431701614,160
411,73.75441626524145,160
412,75.27963750186866,160
413,74.02316279782451,160
414,74.07231961741802,160
415,72.8987355210505,160
416,72.91629161959617,160
417,71.32589207434322,160
418,72.44010832685247,160
419,73.42039035380446,160
420,71.79808479894614,160
421,75.25527429215659,160
422,74.03649334966774,160
423,73.83433171010076,160
424,74.87310613397135,160
425,72.17575257901802,160
426,71.01563887265023,160
427,74.2562029010871,160
428,73.18066634183006,160
429,70.81230579203088,160
430,73.03394441959031,160
431,71.21650268341854,160
432,77.94926018907454,160
433,69.32294659709835,160
434,69.14109984905585,160
435,73.92421737929037,160
436,71.78998216060597,160
437,77.29980480219719,160
438,73.3971166435321,160
439,71.00654748801455,160
440,73.40229146257579,160
441,72.99774007187257,160
442,73.97453739718073,160
443,68.11129313741382,160
444,69.14253928156107,160
445,72.78009746057367,160
446,65.55755728767826,160
447,71.33763538354138,160
448,71.30723953117216,160
449,69.8114842760283,160
450,65.35839005308983,160
451,69.17265279056191,160
452,76.88661286228013,160
453,71.90796143636067,160
454,67.09093955769269,160
455,76.06085694863921,160
456,72.29754951115345,160
457,69.08150404380554,160
458,74.90837760851416,160
459,69.05184189666129,160
460,65.94890753049452,160
461,73.99578592902417,160
462,57.69962685150881,160
463,71.65674467370484,160
464,73.66333813697413,160
465,67.5275544658165,160
466,70.10767753077535,160
467,78.62122560417208,160
468,60.138701563468,160
469,60.076059020903834,160
470,66.75238556945189,160
471,73.33786477797003,160
472,73.57986641386093,160
473,68.50541346031306,160
474,72.2169078484298,160
475,65.72000824738873,160
476,66.62007258613131,160
477,74.46656420293769,160
478,69.954740993076,160
479,66.98038004791032,160
480,67.97688625141359,160
481,64.15157471248696,160
482,67.92280101796247,160
483,77.00386182708652,160
484,74.84868070625103,160
485,70.99645335954936,160
486,76.59056372770077,160
487,73.35740906610683,160
488,69.11624732799429,160
489,71.43835621698196,160
0,237.1504039549621,170
1,253.1038061973076,170
2,248.94148005002907,170
3,252.28712626237962,170
4,252.9998417621687,170
5,260.2612241360021,170
6,259.2218659396583,170
7,259.09997199977863,170
8,256.2076891094447,170
9,261.65608331356196,170
10,259.29664254347017,170
11,252.7649843423489,170
12,239.34412574424357,170
13,251.13323581934196,170
14,250.22048725328938,170
15,247.85450136408656,170
16,241.97680638657792,170
17,246.95374071331807,170
18,259.2016813899198,170
19,259.4150977468086,170
20,260.74931474611884,170
21,261.2468961759303,170
22,250.77423518279872,170
23,250.29930116593712,170
24,251.968017424881,170
25,261.6901059600738,170
26,276.73824964180477,170
27,284.0345770589843,170
28,288.2246731137661,170
29,284.1220951353391,170
30,275.2327443315974,170
31,295.54232378958307,170
32,289.5345173068148,170
33,281.1046918548732,170
34,272.17034730190386,170
35,282.46586003376774,170
36,280.2026166556553,170
37,277.705181117597,170
38,281.82546795451503,170
39,284.33157393884704,170
40,279.3919799366377,170
41,286.2618257742053,170
42,283.48174174759157,170
43,293.76608337444264,170
44,286.05592887704995,170
45,283.1730825572317,170
46,277.4016222500079,170
47,277.66224130335877,170
48,276.8777066657436,170
49,271.07744368370123,170
50,282.1774493503161,170
51,277.1090559556164,170
52,287.3769194736981,170
53,280.34457982539817,170
54,282.54346263912385,170
55,285.7161350457331,170
56,278.42252894950957,170
57,279.5823048939879,170
58,286.5123527844932,170
59,284.8224199725605,170
60,283.50150801217103,170
61,283.352484962264,170
62,285.4755188769575,170
63,284.6981251905672,170
64,283.5815034536448,170
65,288.2119654700707,170
66,287.5489132666077,170
67,285.1876359455437,170
68,286.4151837229049,170
69,286.3193607350401,170
70,277.66879874525364,170
71,269.3582767125947,170
72,272.131187538292,170
73,278.54393231845586,170
74,271.8762859336678,170
75,272.97553587427626,170
76,273.482735018484,170
77,279.1699721850911,170
78,286.27521659032874,170
79,282.7313499018635,170
80,288.48208095739557,170
81,294.4028417423813,170
82,294.7295098871078,170
83,307.7690678851946,170
84,311.2641386951016,170
85,311.3005648799487,170
86,310.92866041314346,170
87,310.1966199525028,170
88,308.9360061405335,170
89,307.7748260740147,170
90,306.94837266530385,170
91,306.74619351145833,170
92,307.03463702594706,170
93,307.18388146003025,170
94,307.15297287884795,170
95,307.150268759237,170
96,307.1567751160547,170
97,307.15178967784016,170
98,307.15614537481525,170
99,307.17025465038944,170
100,307.17012019890495,170
101,307.16433052041566,170
102,307.1558920916512,170
103,307.16539652453423,170
104,307.1780555839285,170
105,241.73781483174295,170
106,270.1444740833225,170
107,340.6003432516078,170
108,318.7100044700778,170
109,281.4480725281513,170
110,296.62604865234584,170
111,263.7768696654973,170
112,280.98739979484833,170
113,222.79688321525703,170
114,345.5054793749673,170
115,300.9977856300333,170
116,302.98750078420414,170
117,284.37166838276744,170
118,261.91283527228546,170
119,287.94931245836557,170
120,318.7681344475401,170
121,303.42263078231184,170
122,311.0183442664726,170
123,313.4329303389923,170
124,297.1735146098407,170
125,291.87526607346933,170
126,290.7157042762626,170
127,297.7864624788055,170
128,314.0066590585663,170
129,316.34724499027044,170
130,305.20901124056866,170
131,298.1958571197437,170
132,318.29658438760606,170
133,306.4853523565898,170
134,300.85039944928343,170
135,291.40857606911544,170
136,298.3700160095758,170
137,324.8420955984882,170
138,311.102839533628,170
139,299.5142999542502,170
140,297.5697115945598,170
141,303.00255930478136,170
142,311.16178371551496,170
143,313.07544742635736,170
144,303.1773942501716,170
145,296.71374464590116,170
146,308.3077731733549,170
147,287.842860396543,170
148,312.686009813343,170
149,334.1045579119088,170
150,297.20049199613237,170
151,294.3067234331466,170
152,303.9531619709242,170
153,309.5355785512437,170
154,292.35136762034625,170
155,304.68461272377687,170
156,300.1426657672314,170
157,305.5336679123861,170
158,310.94897161558885,170
159,300.9572775958108,170
160,296.64188328363747,170
161,292.70538642547496,170
162,302.0071339772846,170
163,294.80639779057356,170
164,300.9778038047946,170
165,310.4079011354817,170
166,302.7998747587818,170
167,309.10818365010283,170
168,312.9955725908447,170
169,305.23028859911506,170
170,302.344488616321,170
171,302.2053632423746,170
172,298.9342344988813,170
173,286.40616301541667,170
174,289.26397029794794,170
175,314.6325585022066,170
176,316.35093681418607,170
177,309.81218384145734,170
178,295.55287415185813,170
179,292.9527007187578,170
180,300.60560038376104,170
181,303.3021766973682,170
182,291.40450463455323,170
183,286.2502297289556,170
184,293.1316574239929,170
185,305.78108453457816,170
186,304.56064212054235,170
187,304.3880476997635,170
188,317.3741077069816,170
189,312.9266382193935,170
190,305.06249013676467,170
191,309.6556067459994,170
192,312.7138667128982,170
193,295.279598299279,170
194,299.5955915866268,170
195,306.18463430447423,170
196,311.8172023537759,170
197,299.22365052444076,170
198,296.41001900269885,170
199,301.8060634334673,170
200,299.5543468405282,170
201,316.63628414272137,170
202,309.36844706580206,170
203,302.23127336653096,170
204,314.77051451488353,170
205,300.1610832622462,170
206,299.1398286287897,170
207,299.0245168202795,170
208,307.64179394341966,170
209,299.55099314206774,170
210,299.2644853456442,170
211,308.5802823920874,170
212,302.6885400760838,170
213,310.46217469965325,170
214,318.2008755173885,170
215,310.8148516041222,170
216,312.32887676314397,170
217,324.1831371947754,170
218,325.12189302467885,170
219,328.1905763908974,170
220,325.09321836746346,170
221,329.35683658796444,170
222,328.9614161063735,170
223,307.2892011916978,170
224,336.9791524778195,170
225,339.3565839175995,170
226,331.76557162338463,170
227,336.6233379956263,170
228,320.392950426496,170
229,308.02789962161586,170
230,323.8831637366833,170
231,317.46708985590004,170
232,308.58163257057856,170
233,315.5591867746564,170
234,304.7858960945835,170
235,318.3762875926575,170
236,310.9762636942299,170
237,302.7798293660304,170
238,314.6328839127343,170
239,323.3057335706151,170
240,313.50578575259243,170
241,335.0639074171891,170
242,327.54962402275675,170
243,330.4835568273529,170
244,296.2522632224523,170
245,322.3003049372264,170
246,313.87272507607946,170
247,317.5224768131347,170
248,317.8263179969084,170
249,322.67071287104915,170
250,312.55388732379384,170
251,311.9108446597025,170
252,313.43499389456315,170
253,323.90487443788163,170
254,320.5531989772716,170
255,316.4551834275044,170
256,315.61615092637004,170
257,329.96427233470735,170
258,315.71555810566315,170
259,327.42629719525127,170
260,320.44774449418134,170
261,323.0431447866385,170
262,323.99094106225306,170
263,331.3942161724533,170
264,328.12243334131534,170
265,332.2910024878779,170
266,328.39928884313474,170
267,325.4851075127988,170
268,319.58892524109814,170
269,324.8763456557275,170
270,330.10255248996367,170
271,332.20542902321625,170
272,324.4014940727341,170
273,331.8233329960198,170
274,312.4967769334565,170
275,337.02555398093614,170
276,330.61619807453974,170
277,317.5352715322005,170
278,328.16005531944603,170
279,328.0982814211038,170
280,327.2081866101537,170
281,321.03119990051977,170
282,322.5559011145144,170
283,324.7143273250435,170
284,319.40246095529216,170
285,312.36950623104826,170
286,314.6458134674688,170
287,316.25636988356416,170
288,322.24737029001557,170
289,319.57620285065036,170
290,338.43204991483236,170
291,326.9514623117567,170
292,331.59698688228127,170
293,335.34845878958635,170
294,333.80449888484503,170
295,285.143638288457,170
296,327.2344013604251,170
297,325.3439146828292,170
298,316.7117530736555,170
299,330.0455709269608,170
300,341.5239305055322,170
301,327.6381760436432,170
302,329.11905370280635,170
303,329.57128144099977,170
304,336.73959648983526,170
305,344.92782012799944,170
306,315.1679884144965,170
307,323.2695855085636,170
308,337.432484205545,170
309,340.0958175146955,170
310,339.25156849082657,170
311,339.2036372888536,170
312,339.5988274206941,170
313,331.7072629704487,170
314,241.30629100310654,170
315,328.00471223300826,170
316,332.7483786244176,170
317,315.95811107033575,170
318,332.25136065423686,170
319,326.15444850419306,170
320,306.6284620347768,170
321,314.0270100886376,170
322,318.5071124684242,170
323,299.5751821813392,170
324,332.50842131017174,170
325,329.6298587116017,170
326,324.173917421209,170
327,317.90706988156563,170
328,326.4354198993898,170
329,328.48204843303887,170
330,319.2323860468627,170
331,311.9888701565609,170
332,306.7822287251826,170
333,312.4085795576645,170
334,312.96693772636615,170
335,314.7426385387611,170
336,313.4036486401898,170
337,309.0577701898321,170
338,316.9168595653908,170
339,316.8868738313138,170
340,315.4371123557826,170
341,313.5133709951896,170
342,314.604158813323,170
343,311.3982171446143,170
344,310.9867242661767,170
345,318.2175569542418,170
346,319.93890216952826,170
347,312.15160972348326,170
348,320.5877385070933,170
349,320.0988412616615,170
350,322.3900733263298,170
351,332.5863945405406,170
352,329.0366063326805,170
353,321.4065659302663,170
354,327.4168961390736,170
355,321.7690730025485,170
356,326.1251281664319,170
357,322.39653659101,170
358,324.63827045989814,170
359,323.1044176628565,170
360,331.0507462303484,170
361,341.4993940892614,170
362,333.81079979043454,170
363,336.806915031696,170
364,328.28301361931693,170
365,325.73744976485284,170
366,332.0977236174607,170
367,328.411702874437,170
368,325.59295446917554,170
369,320.4680188901114,170
370,325.82222977756993,170
371,340.111818354323,170
372,328.2198091996857,170
373,330.19659538896184,170
374,331.70254261627326,170
375,327.82616381536195,170
376,326.80909850843807,170
377,328.587511090274,170
378,328.2114222641166,170
379,319.1980083733728,170
380,304.6108476723924,170
381,303.58170327865577,170
382,316.5623253990675,170
383,319.291399291566,170
384,328.872183540111,170
385,337.38345014318884,170
386,306.9942116258531,170
387,314.47293633065385,170
388,333.01116864272103,170
389,305.168032066126,170
390,317.5356880722248,170
391,315.693363132349,170
392,321.35455641783807,170
393,317.29109947015036,170
394,320.5949712192131,170
395,326.345652667527,170
396,309.3352282825503,170
397,313.63394043336143,170
398,316.16702996723154,170
399,326.30333165690934,170
400,337.9179356827924,170
401,339.01497593460135,170
402,332.4343521014231,170
403,308.3070547134429,170
404,317.10939879294267,170
405,323.256696890477,170
406,322.55948417709385,170
407,324.61172497004975,170
408,320.2007751091317,170
409,311.8704988926128,170
410,325.45791916125614,170
411,340.5856978506811,170
412,341.75926028967916,170
413,321.81397159710406,170
414,326.3421868202348,170
415,337.33313629425845,170
416,333.8334121810634,170
417,329.76872144773404,170
418,322.39890108056466,170
419,318.8141231940394,170
420,329.1083329128405,170
421,320.7865330460428,170
422,325.66346421976544,170
423,310.9067587568775,170
424,299.1535971251794,170
425,306.7725896879073,170
426,335.9064633028177,170
427,326.4667937811254,170
428,331.82331024678865,170
429,320.21111881818786,170
430,314.29638706705634,170
431,330.0302295942358,170
432,333.6587659738721,170
433,317.3241678506748,170
434,330.0550493588136,170
435,322.15514862669465,170
436,319.04378623364505,170
437,322.6570533491917,170
438,344.541577686541,170
439,339.79591478794936,170
440,329.5001391735296,170
441,322.86637012580115,170
442,312.0596332612366,170
443,308.40891979085086,170
444,316.9531288537922,170
445,312.98471660953595,170
446,317.24858719254985,170
447,321.36199059090325,170
448,325.07497680776197,170
449,318.87470732186074,170
450,322.89983771402774,170
451,305.62492174496157,170
452,315.61334901218567,170
453,304.78842676369203,170
454,328.52924502834634,170
455,323.4957652615902,170
456,314.7442702059694,170
457,313.7107545665745,170
458,327.6850493325574,170
459,328.10408192235286,170
460,299.90107948672005,170
461,328.6764061366892,170
462,340.3575713797549,170
463,340.32075319709264,170
464,340.24002688133464,170
465,340.18274909996086,170
466,338.79887275486305,170
467,338.8844979251649,170
468,339.39420136575274,170
469,339.3725523694847,170
470,338.5905455721466,170
471,338.4995265023156,170
472,338.9223178744567,170
473,343.07384187002805,170
474,339.82691934197794,170
475,339.3732676443368,170
476,340.29114298601434,170
477,339.15696985316765,170
478,318.79761606799997,170
479,311.10464784640953,170
480,325.4766144747181,170
481,313.65519611710994,170
482,314.52888882670055,170
483,302.41353731517484,170
484,315.55897022488796,170
485,318.34122660932593,170
486,320.645796061177,170
487,315.8381143106265,170
488,305.12898105190476,170
489,308.50708346822285,170
0,215.5246475444247,180
1,244.193398311775,180
2,262.4785628516221,180
3,245.24888502011754,180
4,211.987498719481,180
5,224.2522709967042,180
6,216.50333196854618,180
7,216.51334327293202,180
8,238.85351090980907,180
9,229.72045635753682,180
10,229.22908476905232,180
11,231.17107408379843,180
12,231.59640323486173,180
13,216.5099555450921,180
14,217.57313987732826,180
15,232.05235980463698,180
16,231.94738770148805,180
17,232.10246415947393,180
18,230.73885834202198,180
19,229.2130817436436,180
20,240.28583098578986,180
21,230.74400848712637,180
22,230.869141754095,180
23,230.08808364749714,180
24,227.02325215630225,180
25,215.15151621320666,180
26,226.40655135244847,180
27,214.96942578471496,180
28,188.48574886991435,180
29,189.35811895307955,180
30,188.06835886700281,180
31,187.8637424847458,180
32,187.9832107319723,180
33,189.61157149783105,180
34,189.44254755115531,180
35,188.79584663371034,180
36,188.79722745901046,180
37,189.6626156504954,180
38,190.12430580550512,180
39,190.2506431589785,180
40,189.6143987887602,180
41,186.79664011826748,180
42,185.25718824263578,180
43,185.98667884204932,180
44,186.2297843059357,180
45,192.9753257780648,180
46,231.95464338385392,180
47,231.15876939994828,180
48,230.25105410596743,180
49,183.20720062038524,180
50,128.26181929765224,180
51,128.10310580197262,180
52,128.13394491052748,180
53,133.6340327193764,180
54,161.3522392187293,180
55,184.72978060067666,180
56,214.95399855672287,180
57,207.4062565633289,180
58,206.84334533573477,180
59,206.8500415886994,180
60,206.79332954521334,180
61,206.81000887914067,180
62,206.71920671085402,180
63,203.7358920327671,180
64,179.53650106235756,180
65,159.2157493729798,180
66,148.2408864686786,180
67,139.82492373522442,180
68,135.14379016659714,180
69,134.91882416618995,180
70,135.19666673937687,180
71,134.26407371218346,180
72,132.2866025698365,180
73,138.10367541708075,180
74,145.42218706462285,180
75,143.4246415256907,180
76,127.63319612455952,180
77,122.37170770787839,180
78,114.10265357329176,180
79,113.60810926168017,180
80,112.24711230587906,180
81,112.31928094541547,180
82,132.50716601149517,180
83,135.05639149082504,180
84,136.04449583585898,180
85,135.50013093249262,180
86,115.95647666419974,180
87,117.41411392309311,180
88,109.15742172811217,180
89,77.89479691209831,180
90,99.78836372750555,180
91,116.3021741804394,180
92,124.25464645805154,180
93,136.6629771757452,180
94,139.18548108727813,180
95,120.74115842696155,180
96,116.73148959508532,180
97,112.58698331020595,180
98,106.99227278093564,180
99,104.74503110871863,180
100,117.56308207846406,180
101,112.86315463561434,180
102,119.25173887377062,180
103,108.53120960313348,180
104,119.9141420225658,180
105,129.2789829847115,180
106,116.2824714535658,180
107,122.29749126905156,180
108,136.77840336227288,180
109,134.83975358850537,180
110,116.83839962156557,180
111,118.56343829478324,180
112,123.71891745481517,180
113,121.2552887615554,180
114,112.00644281330123,180
115,105.78064428639006,180
116,118.05769727140895,180
117,99.01216655136577,180
118,119.56624517940269,180
119,133.6864194188672,180
120,149.02603962347314,180
121,116.07509290231768,180
122,129.1181979129853,180
123,136.88957497259358,180
124,129.6456355465331,180
125,125.63601161326478,180
126,123.60011184502872,180
127,127.25721244865119,180
128,137.40138047024706,180
129,132.65280693535334,180
130,134.03727400664343,180
131,117.67675970302076,180
132,123.07147645266595,180
133,118.69490700324899,180
134,114.06309939809705,180
135,116.81861641158726,180
136,125.75428193715277,180
137,134.03696796465775,180
138,126.44625453794731,180
139,84.13991447307907,180
140,94.65206492709704,180
141,127.6581963872386,180
142,131.4590423514268,180
143,140.02077989384654,180
144,127.33438811549256,180
145,122.24588023683125,180
146,115.1849022229845,180
147,125.41992622543827,180
148,115.65437368145975,180
149,99.34679037002958,180
150,114.37777692408373,180
151,114.07914795023449,180
152,116.74245863889058,180
153,115.36489601229395,180
154,111.69763195594857,180
155,114.88431353885149,180
156,116.5638045111656,180
157,115.4040855562217,180
158,117.17856254115217,180
159,116.4275139235803,180
160,117.42308478087023,180
161,113.74053071234472,180
162,113.72072601552462,180
163,115.6089352546629,180
164,122.74160475611606,180
165,123.68461596330805,180
166,115.1637650537052,180
167,110.15276003336903,180
168,113.47249619704886,180
169,113.37086939487398,180
170,114.02656269567767,180
171,112.7398836655421,180
172,96.59110356444322,180
173,104.95906828564466,180
174,114.99601781729055,180
175,114.47344675205261,180
176,116.17564546362621,180
177,123.6549589656655,180
178,122.36248905967611,180
179,119.56228098161925,180
180,122.32817298347305,180
181,115.57496073114415,180
182,127.72989531604553,180
183,129.4469640221338,180
184,120.16168443166953,180
185,116.76418229540907,180
186,115.64183068481661,180
187,113.83872597177607,180
188,114.97030196799916,180
189,114.2830473033798,180
190,117.49566436500658,180
191,115.20189814402505,180
192,114.972465544641,180
193,122.08374316051452,180
194,122.72835254107423,180
195,126.79957000640972,180
196,122.17963792872716,180
197,125.07022639112574,180
198,125.44057849910337,180
199,126.81152059098179,180
200,126.86358582480726,180
201,132.68886059611728,180
202,126.92273132078263,180
203,125.47482891613444,180
204,122.40560331233289,180
205,121.74017209122731,180
206,123.27204263287052,180
207,125.48252875575619,180
208,123.7367484585878,180
209,123.30133555917011,180
210,122.81445091405766,180
211,118.74277412395095,180
212,117.71719448998412,180
213,125.05986978167539,180
214,131.7683350575053,180
215,126.87813277806094,180
216,123.48111313298213,180
217,121.03561952170031,180
218,116.92763868679312,180
219,125.79057011416756,180
220,123.27221304933224,180
221,128.36677885576168,180
222,127.6583433184058,180
223,126.71696429224414,180
224,122.35380042493163,180
225,124.8931185871176,180
226,134.94134962465074,180
227,131.72514887877813,180
228,125.94585974260377,180
229,129.4482550186674,180
230,124.44750243180712,180
231,125.441412198106,180
232,122.44216116256176,180
233,120.21954967492884,180
234,128.20518871376177,180
235,128.40573054815044,180
236,129.13877975089292,180
237,129.7618642380835,180
238,123.43536734323521,180
239,121.24485830388481,180
240,118.17890255022736,180
241,115.62393255752174,180
242,126.65938574123925,180
243,128.55923195629646,180
244,128.46721752586978,180
245,124.70238686223377,180
246,116.4912162767814,180
247,113.64881566273137,180
248,113.67348539580986,180
249,103.78106422599741,180
250,77.11078190334433,180
251,67.81453003853208,180
252,105.26808726744895,180
253,115.39295762582964,180
254,116.0467807878338,180
255,113.14244901734716,180
256,113.02135636293013,180
257,115.06550000302984,180
258,114.70921440853557,180
259,115.78039023865398,180
260,118.77744322693749,180
261,116.77026600497582,180
262,110.17358061011169,180
263,98.55088855028542,180
264,105.54353888756067,180
265,114.93852638907188,180
266,120.61087433576962,180
267,120.54583586565707,180
268,120.38029764613107,180
269,117.16555875889084,180
270,117.0,180
271,116.9618667009028,180
272,116.70056056284112,180
273,116.69281805686667,180
274,116.66418018774914,180
275,116.68629297696121,180
276,116.6766497889369,180
277,116.68293674790384,180
278,116.68667911919053,180
279,116.68367592813941,180
280,116.68332895946517,180
281,116.683319838786,180
282,116.69332701294455,180
283,116.69266866905731,180
284,117.86136706635172,180
285,122.29123253917922,180
286,122.50333474578181,180
287,122.5100043325641,180
288,122.55929554362774,180
289,122.58332156357676,180
290,122.59001458870335,180
291,122.83054732188975,180
292,123.9612370411941,180
293,126.28781824896795,180
294,131.18602043152652,180
295,131.1497810462927,180
296,131.16336679469936,180
297,131.1699859776066,180
298,131.14994807827526,180
299,131.10666493252293,180
300,130.96248711323994,180
301,130.66366490335946,180
302,130.99961215995455,180
303,133.3059617471197,180
304,135.38322100785058,180
305,131.00098157828094,180
306,119.21986807179383,180
307,117.0222545585504,180
308,116.8505938604803,180
309,117.77289487206849,180
310,117.6550409786172,180
311,117.39279039639803,180
312,117.37003308336045,180
313,117.3733668231361,180
314,117.38701984670288,180
315,117.39300689667834,180
316,117.40000245843089,180
317,117.40080371593285,180
318,117.3941089328789,180
319,117.55240828862306,180
320,115.557219438055,180
321,112.73678120272514,180
322,114.12662544015485,180
323,113.34737640168414,180
324,113.1689149496927,180
325,114.87776394551457,180
326,114.66998023511017,180
327,115.61971660431198,180
328,115.86998248627177,180
329,115.88370057152947,180
330,112.78344219525813,180
331,110.56331496964445,180
332,110.5733476045593,180
333,110.63590795350478,180
334,113.87557530429787,180
335,195.1380146171541,180
336,250.7788364357061,180
337,250.80800551850362,180
338,250.8038433765774,180
339,250.78511315525438,180
340,250.14874060246038,180
341,173.74581641353257,180
342,169.67003068290083,180
343,169.66337184599394,180
344,169.66337099332412,180
345,169.67003018958636,180
346,169.7472560659378,180
347,171.40425624604248,180
348,171.61934571516858,180
349,171.60385614397288,180
350,171.6128238736421,180
351,171.60334113955741,180
352,171.1737721041095,180
353,127.46137282710973,180
354,112.12301389786262,180
355,180.09427441622557,180
356,111.59297161926172,180
357,102.15630262496991,180
358,109.2024042323995,180
359,132.04959649164945,180
360,132.01046746260855,180
361,136.4000599921191,180
362,182.57927349930728,180
363,170.37719171783877,180
364,148.59088949109466,180
365,211.02641406188317,180
366,255.5915696097938,180
367,257.90612704511494,180
368,302.1354132527818,180
369,318.7068894937982,180
370,326.6941373254414,180
371,326.9038060596989,180
372,326.7933286355641,180
373,326.79333784111435,180
374,321.5061827415977,180
375,300.13657986836824,180
376,300.3225281274932,180
377,300.2281913142513,180
378,299.8012195438656,180
379,289.8333001850409,180
380,278.72025159875983,180
381,303.60763033558766,180
382,304.2898395781348,180
383,300.3999205852719,180
384,285.91869329893495,180
385,285.7542302691351,180
386,287.1784106602949,180
387,289.6938818238495,180
388,289.7199829253176,180
389,289.6967661325721,180
390,289.6734260981078,180
391,289.96600969245657,180
392,289.59187606253613,180
393,279.50368635651665,180
394,154.95693327012802,180
395,281.5431658693349,180
396,270.4261426973393,180
397,185.22794945471375,180
398,191.84986474907024,180
399,215.43762221683954,180
400,235.01403511903035,180
401,249.5410362798167,180
402,286.2783046018643,180
403,195.56679219219643,180
404,356.92344294573945,180
405,350.98871722797,180
406,318.9477445575954,180
407,317.0120038046475,180
408,317.0109929940599,180
409,317.04360435983386,180
410,287.4662519090273,180
411,253.03256216004485,180
412,253.16091075965704,180
413,253.1547075344443,180
414,253.2796440019525,180
415,251.86134770350125,180
416,82.78823270625426,180
417,74.96024936347555,180
418,11.895508681454924,180
419,53.20609127275483,180
420,26.762669936599295,180
421,20.53402637708452,180
422,270.552704560221,180
423,349.6168650142995,180
424,143.91366339233002,180
425,2.5333868336676657,180
426,2.44149654358351,180
427,25.936339112801658,180
428,147.14578914461083,180
429,85.57138501725913,180
430,118.2880038451224,180
431,46.81860264480048,180
432,28.32443981433401,180
433,35.138793215659035,180
434,9.096617365670602,180
435,268.78393873344965,180
436,304.27279423538295,180
437,295.2815552489911,180
438,294.1186573168348,180
439,294.14236088874827,180
440,294.1406300142204,180
441,294.15784509687603,180
442,294.1377459100767,180
443,294.1582909877207,180
444,294.16508277509183,180
445,294.1597527003363,180
446,294.1642224020688,180
447,294.1592040574612,180
448,294.14360202992316,180
449,294.0916502487584,180
450,294.094336523145,180
451,294.1260464013774,180
452,294.1173327310273,180
453,294.126275382707,180
454,294.14621615014465,180
455,294.15260226669966,180
456,294.13727415468907,180
457,294.14460173592414,180
458,294.1457550205471,180
459,294.1582826024276,180
460,294.17952645085444,180
461,294.1992302896096,180
462,294.2413535398959,180
463,294.2616221196522,180
464,294.21085573815157,180
465,294.1760791713717,180
466,294.15542759716914,180
467,294.17825557838853,180
468,294.16231633949684,180
469,294.1700970287248,180
470,294.15980058142696,180
471,294.170442324729,180
472,294.1438147789754,180
473,294.11538675730395,180
474,294.1156203112592,180
475,294.1215841496711,180
476,294.0390146851352,180
477,291.73884473054113,180
478,291.1286190590538,180
479,291.13508015991493,180
480,291.15597114623364,180
481,290.6272524954673,180
482,239.7042327446018,180
483,216.49334033650712,180
484,216.4966699602025,180
485,206.1061842595885,180
486,202.9262157778237,180
487,202.92039324965796,180
488,202.91997941421593,180
489,202.92996413378307,180
0,275.06904709897515,190
1,274.9684646900897,190
2,277.35736320820627,190
3,278.9416213344269,190
4,276.8073960729605,190
5,274.45961973862137,190
6,276.25511602991196,190
7,274.9165692874892,190
8,279.0990698937576,190
9,277.25247429702125,190
10,278.52669551371895,190
11,277.886121704542,190
12,274.6551228402793,190
13,278.3903980181416,190
14,275.75794078904994,190
15,277.08197204342673,190
16,276.58885367041114,190
17,273.57762368722325,190
18,275.30961246415643,190
19,277.893684932308,190
20,274.9684976502063,190
21,279.0346863816914,190
22,278.45327034769616,190
23,274.01908192921155,190
24,274.20684978144874,190
25,277.78348040371833,190
26,279.4519434970087,190
27,276.6194190108567,190
28,274.7301726522154,190
29,276.1755152377812,190
30,277.3378105590549,190
31,280.3545002190724,190
32,275.12786485774006,190
33,274.8868365766783,190
34,272.815306269072,190
35,277.04547131196324,190
36,278.073416558161,190
37,274.7243679278652,190
38,276.11811682194576,190
39,275.48633928595,190
40,275.5307891525868,190
41,275.0807755914696,190
42,278.62691671405986,190
43,270.07434741816405,190
44,275.6079744142912,190
45,276.7835453775259,190
46,276.9112507199894,190
47,276.44024922680165,190
48,276.2318520056809,190
49,279.25957617713306,190
50,278.14645414998273,190
51,276.59423832955434,190
52,274.98687365542906,190
53,275.82457381913974,190
54,272.59674226613004,190
55,275.55803364885617,190
56,273.77006169469723,190
57,273.16281608049945,190
58,277.78722124769934,190
59,277.35159320939704,190
60,278.357031560541,190
61,276.4182862716316,190
62,276.3078009354099,190
63,277.9171218520146,190
64,274.0701370354076,190
65,277.4565673805462,190
66,276.4545092724185,190
67,276.79630455155944,190
68,276.66009590318714,190
69,279.9609389586395,190
70,282.46064081369826,190
71,278.0697044863474,190
72,274.8483539243335,190
73,280.20267219984373,190
74,284.2329415404919,190
75,274.6355960984996,190
76,281.8844456387156,190
77,282.3279014636433,190
78,281.8646480617381,190
79,284.3152808662276,190
80,285.7852388148611,190
81,286.6905758612485,190
82,284.9796660611168,190
83,282.76061350823727,190
84,283.7452359479001,190
85,283.65809617840847,190
86,285.3891016113474,190
87,284.3888123872182,190
88,281.83736969260474,190
89,284.9553956964882,190
90,278.22241863655927,190
91,286.23703016933376,190
92,287.0951469354435,190
93,285.95568240834126,190
94,286.9071115241851,190
95,283.69559046053314,190
96,281.9114583257993,190
97,284.39570378088416,190
98,283.3749789522257,190
99,285.98395930919867,190
100,282.56695295096625,190
101,285.3024824496074,190
102,283.46059841901626,190
103,282.25566621881654,190
104,286.0707256741119,190
105,283.8048784357911,190
106,280.9293854905208,190
107,285.995385661919,190
108,284.1427925862564,190
109,285.2840255388742,190
110,284.9402288875433,190
111,287.58634130846974,190
112,286.55376900868214,190
113,282.5651912930829,190
114,280.3646973854443,190
115,280.0584731916643,190
116,283.8468987048128,190
117,286.2541178351821,190
118,289.63412105391,190
119,287.4733118753613,190
120,288.2603441930141,190
121,282.79754799913917,190
122,285.8426401111422,190
123,282.5348345809765,190
124,283.67803676299667,190
125,286.5150447048879,190
126,285.80914700227106,190
127,285.861863940023,190
128,285.20103611349026,190
129,285.3244521372861,190
130,284.67410860910934,190
131,287.83569013071843,190
132,280.3942612415599,190
133,286.74322759647197,190
134,280.25576906488385,190
135,285.66585791594235,190
136,285.85292843279234,190
137,275.93455121377315,190
138,273.1674234790231,190
139,272.1909502335128,190
140,273.76064167009565,190
141,270.6884834920146,190
142,270.9448913544606,190
143,274.59072139997204,190
144,275.45976060170653,190
145,288.40243942702125,190
146,297.5040309534746,190
147,299.8011684084442,190
148,297.2791197577383,190
149,300.57483914927803,190
150,302.73519693875545,190
151,299.95754040810885,190
152,310.592875736304,190
153,304.5157347526916,190
154,300.6742569541274,190
155,318.4132011646397,190
156,300.53736761146354,190
157,326.620843351879,190
158,317.5519791740561,190
159,298.48924266071595,190
160,325.89802978072186,190
161,344.189423067767,190
162,331.0239945878703,190
163,335.49930175186296,190
164,329.9065150818086,190
165,304.02485060144056,190
166,312.0591649205182,190
167,306.23919985790303,190
168,309.1865456260223,190
169,324.5658111820938,190
170,305.11298516573385,190
171,294.45574171338546,190
172,305.9014738153436,190
173,305.3635363916901,190
174,305.63537420731615,190
175,303.0865271070545,190
176,308.5327694352747,190
177,295.8026500406532,190
178,315.5314041039623,190
179,319.29586280290033,190
180,309.77905354532106,190
181,297.85235248097774,190
182,292.704335504628,190
183,304.284438973259,190
184,294.14068651692907,190
185,300.90719152515175,190
186,303.0030793747551,190
187,306.70748414340073,190
188,297.20182205759863,190
189,301.39944825961214,190
190,298.7311739034643,190
191,296.21250213227205,190
192,292.1511635120416,190
193,295.38155971013623,190
194,296.28205048725795,190
195,305.11371774495103,190
196,301.1737334081637,190
197,301.6691713772915,190
198,303.3485208466354,190
199,296.7295437659044,190
200,299.94888852178826,190
201,308.57320320726006,190
202,310.8043654193549,190
203,299.39907506186296,190
204,318.54087641554446,190
205,301.6431069798916,190
206,304.0834501650157,190
207,309.1852572121617,190
208,302.8668032662233,190
209,294.6853887221709,190
210,301.3527579875795,190
211,296.15636954441595,190
212,292.4235256003281,190
213,292.68970984297374,190
214,289.2580874879494,190
215,291.0040157403154,190
216,281.93543071588334,190
217,298.09592630640816,190
218,299.9609158948065,190
219,298.2955322174427,190
220,299.95643276506786,190
221,304.39786172807453,190
222,306.41093101559636,190
223,309.6365747118646,190
224,312.37948656470604,190
225,302.46939688178367,190
226,307.89322475511455,190
227,302.6156832253593,190
228,292.7161763257441,190
229,296.3042693626881,190
230,297.054171101852,190
231,314.45956994878185,190
232,319.408678070871,190
233,305.9713986695745,190
234,306.5947575569783,190
235,304.2031373328166,190
236,302.1053277062347,190
237,303.9562192459272,190
238,305.7340076943038,190
239,325.70760747640475,190
240,318.3274732920137,190
241,319.4803088882462,190
242,312.3048598925298,190
243,305.7472137530336,190
244,299.3887461397753,190
245,296.8057308376987,190
246,300.3838285411771,190
247,302.98660219952745,190
248,300.83121153069106,190
249,313.3613407951165,190
250,310.06974528236344,190
251,301.14349730298375,190
252,300.28918236964677,190
253,297.28229309965474,190
254,296.007178601101,190
255,283.39052256397173,190
256,287.39953167273796,190
257,306.1782072357217,190
258,305.23155952289756,190
259,306.33241765363533,190
260,305.35329464636914,190
261,308.60645745438,190
262,301.5258851495245,190
263,297.08347643278904,190
264,296.9464719999891,190
265,302.967337411842,190
266,297.8737641279467,190
267,304.36680525892075,190
268,301.44164788070975,190
269,301.46426586672686,190
270,306.4901949784845,190
271,296.1498664783712,190
272,297.7847111751638,190
273,301.73033025627524,190
274,302.2896060867995,190
275,305.17076100863017,190
276,304.0831558563914,190
277,299.37518047374783,190
278,304.7026237262397,190
279,301.4455153992191,190
280,304.3193917982333,190
281,301.4789175482341,190
282,301.4099544374433,190
283,305.4530852991461,190
284,299.7847363504194,190
285,296.18007191656477,190
286,286.1720150350773,190
287,298.74762048249454,190
288,297.38440055145725,190
289,300.0618269807191,190
290,297.2440228410832,190
291,299.6810966299831,190
292,300.4168670973343,190
293,304.1745805937901,190
294,298.66227188538613,190
295,306.27158485467817,190
296,301.8517480059175,190
297,302.5055986516263,190
298,299.24919097462674,190
299,296.3837402256116,190
300,304.3869985520354,190
301,301.4687528518753,190
302,302.81428479007843,190
303,305.7586127092477,190
304,305.2694751167251,190
305,300.5716172031827,190
306,296.74309353665234,190
307,298.2705654023781,190
308,295.07466197758265,190
309,298.99370875687225,190
310,299.22329316279723,190
311,299.5516841597689,190
312,295.42596299483887,190
313,308.3309021038023,190
314,298.26570267730636,190
315,303.4091606553773,190
316,302.8739268231029,190
317,304.8341034141644,190
318,301.77124211741483,190
319,293.0138587124984,190
320,299.3751392639768,190
321,303.5092926641865,190
322,301.9718168633615,190
323,312.1463149441844,190
324,300.4219046026627,190
325,299.87495651580883,190
326,297.1727876688357,190
327,299.8879743342337,190
328,301.36567224468996,190
329,303.69082731255696,190
330,296.92096078054783,190
331,298.3956905614792,190
332,296.45379744519533,190
333,283.8428639911645,190
334,291.84011185415113,190
335,301.334910381935,190
336,302.57195793842527,190
337,299.3859189349586,190
338,295.31293155552515,190
339,302.4407776230535,190
340,301.124665432349,190
341,301.74754874596886,190
342,295.9481611937297,190
343,303.1177277828011,190
344,300.3168871360544,190
345,297.37112199114114,190
346,307.49805857727983,190
347,298.97353606612677,190
348,293.16706783241165,190
349,306.945980964462,190
350,303.02550557372933,190
351,298.09632072450756,190
352,300.5736547361911,190
353,291.32553836677437,190
354,294.64120496973493,190
355,311.22372077894875,190
356,305.8691398795635,190
357,307.8749578046077,190
358,301.8711945472898,190
359,302.31332176769166,190
360,310.93746843121,190
361,304.3371200296146,190
362,297.5008438795223,190
363,298.20297033633636,190
364,301.2645537784672,190
365,304.79863137416936,190
366,299.53685299133303,190
367,300.6437978167474,190
368,298.5021356705922,190
369,303.6185983812285,190
370,301.23476303241046,190
371,299.0665007652367,190
372,302.534861359067,190
373,298.66140770241816,190
374,298.3575177730087,190
375,301.59702687363813,190
376,301.83999960677033,190
377,295.1962509929749,190
378,292.82491832854635,190
379,297.7647198559103,190
380,302.09475113164336,190
381,305.37323565662825,190
382,303.1275423432782,190
383,294.2624906614583,190
384,303.4249383223664,190
385,301.4492627589453,190
386,306.5913075160115,190
387,301.01244628302373,190
388,301.7765104574493,190
389,297.0917685689705,190
390,298.66019346447246,190
391,297.6997138789377,190
392,304.4176614271082,190
393,300.1423510738318,190
394,293.78686673292873,190
395,298.61966540626116,190
396,297.3272563945256,190
397,301.31848238134575,190
398,299.2616993008093,190
399,296.8721407463309,190
400,305.88650355463494,190
401,302.8920399945117,190
402,301.2132918227803,190
403,304.95722174042237,190
404,299.8240136687123,190
405,298.6660377224923,190
406,300.87467696930014,190
407,300.68775456039026,190
408,306.5993491552563,190
409,301.9153305145961,190
410,303.6577411061281,190
411,304.6771146392713,190
412,307.64979238634584,190
413,294.66950771113636,190
414,304.2548399262833,190
415,300.1621272009842,190
416,296.6468000804959,190
417,300.1931418719469,190
418,296.00981611998685,190
419,302.3026443004219,190
420,298.0907058171576,190
421,294.2187374868087,190
422,293.3504779202296,190
423,302.7104535945572,190
424,298.1384976725644,190
425,295.637765304224,190
426,302.2300767325599,190
427,295.06453719220866,190
428,300.08311333637226,190
429,296.8608662009209,190
430,299.11986057001644,190
431,300.9501729004993,190
432,304.02281420135296,190
433,297.63966200138344,190
434,299.95583375671794,190
435,299.2485396536411,190
436,286.05334439902833,190
437,303.38707197073506,190
438,300.87472617155225,190
439,299.7551605547063,190
440,300.6083015963397,190
441,305.8796452384607,190
442,300.0209822304818,190
443,306.86430209657624,190
444,304.346727210992,190
445,306.87834964268825,190
446,302.42229306934047,190
447,305.1022725994623,190
448,298.9283344970736,190
449,300.7420698279171,190
450,305.40286148751585,190
451,309.1436268139808,190
452,309.9080545117913,190
453,312.0759251479404,190
454,330.2267292348931,190
455,303.9106818207507,190
456,301.24943237336635,190
457,305.1179044360369,190
458,301.97447665393054,190
459,304.56743301040035,190
460,311.8493436774781,190
461,306.6156271837079,190
462,319.4855530457682,190
463,301.2069885116207,190
464,304.6293952571645,190
465,312.64112205025964,190
466,309.2813729376964,190
467,309.887727296764,190
468,301.65820193300976,190
469,312.8995564547321,190
470,306.79629064025386,190
471,305.30123130789025,190
472,306.131995767376,190
473,304.47072467116163,190
474,300.5819229363815,190
475,304.3295852774045,190
476,307.7907784239253,190
477,311.4008742972411,190
478,303.77157902425023,190
479,306.32323745670334,190
480,308.3515284813899,190
481,310.7865440664374,190
482,307.6818750671887,190
483,309.3668116271933,190
484,305.28898816647046,190
485,311.4029810102217,190
486,314.26875024182306,190
487,313.15340399045095,190
488,313.3105082356407,190
489,305.6154997363345,190
0,229.0870517132197,200
1,226.28733360068114,200
2,227.88557389129616,200
3,250.60911280654227,200
4,254.2737739636858,200
5,239.4321793320009,200
6,243.90037915436548,200
7,233.85716046567256,200
8,232.9606727258271,200
9,231.1337192572654,200
10,210.0725828901295,200
11,212.0244443667048,200
12,179.0089134602446,200
13,202.80085870700736,200
14,225.45682649555428,200
15,225.44551046852845,200
16,226.9679207039966,200
17,226.86018618714516,200
18,226.615722688378,200
19,226.5505412992724,200
20,232.64410710761325,200
21,265.54758617574294,200
22,265.63121174000315,200
23,226.78303128373264,200
24,213.64142948559757,200
25,153.73579853603349,200
26,130.10334302065365,200
27,131.81718067254616,200
28,142.1900547030928,200
29,153.9625679123624,200
30,139.3895006738383,200
31,136.88819852208138,200
32,113.95258337620191,200
33,111.18944618904371,200
34,112.71522917592661,200
35,111.8400946439314,200
36,125.78545605640733,200
37,121.54509953715996,200
38,102.31948350502559,200
39,81.06942810690364,200
40,87.65733211776842,200
41,78.05322397818635,200
42,103.3251854279188,200
43,112.44343927026938,200
44,113.65779217945429,200
45,121.23195708808983,200
46,115.12760198676624,200
47,114.32833380398849,200
48,111.5482025560265,200
49,113.4118385398733,200
50,113.48420644545094,200
51,110.17118983229933,200
52,113.13768961302527,200
53,107.83346172943152,200
54,83.08097193323195,200
55,97.29006609416055,200
56,80.03001799989778,200
57,103.51042957842728,200
58,92.32904050822481,200
59,92.98531045685449,200
60,101.71676891891092,200
61,112.68017806600189,200
62,106.05745486608862,200
63,79.16865837067014,200
64,77.61630997565274,200
65,79.81554728451728,200
66,78.20762840229054,200
67,69.63783414869134,200
68,77.89815973608992,200
69,75.19414020226426,200
70,77.6733620574945,200
71,101.28483460031781,200
72,104.08190285170674,200
73,89.58232660913549,200
74,83.10846481801391,200
75,49.97735865529199,200
76,40.24256534800161,200
77,41.280862974932724,200
78,41.30372493630927,200
79,40.93752372125948,200
80,40.71279054094482,200
81,40.72479486272093,200
82,40.396666260401325,200
83,40.34329931580525,200
84,40.416680415217954,200
85,47.482676944535484,200
86,50.21075171467604,200
87,49.45925206733574,200
88,69.9102330823513,200
89,69.70568999242563,200
90,69.46146116135986,200
91,69.13859030681049,200
92,73.59899553893231,200
93,58.51044518735683,200
94,56.97294193297354,200
95,57.7199150754133,200
96,58.08209587378423,200
97,58.15083290822842,200
98,61.01345083527624,200
99,62.49334142854008,200
100,62.48645597958787,200
101,62.43051006651596,200
102,62.44620569708667,200
103,62.443359689013725,200
104,62.44042134346438,200
105,62.4458344717897,200
106,62.449997751876005,200
107,62.43665605373614,200
108,62.456667341988464,200
109,62.42418055379804,200
110,62.44914068328006,200
111,62.42087003193801,200
112,62.44626793062195,200
113,62.44707477368634,200
114,67.20814610790809,200
115,59.983401271540075,200
116,76.84104850104258,200
117,60.722182592271814,200
118,60.60665902012523,200
119,60.60749807679715,200
120,60.602492877552024,200
121,60.59666220294009,200
122,60.59666412984654,200
123,60.596663525404374,200
124,60.5899925854922,200
125,60.59332790469757,200
126,60.593327862896416,200
127,60.599998474121094,200
128,60.59332786692829,200
129,60.58665955361755,200
130,60.60333509165699,200
131,61.67315659233676,200
132,48.51669636409147,200
133,353.5100956443017,200
134,355.50855280666593,200
135,355.9138659580557,200
136,355.923343328414,200
137,291.06346463152505,200
138,44.139423733380546,200
139,71.37714809122967,200
140,69.13031224275659,200
141,73.14586761899425,200
142,71.08814726490398,200
143,71.54897240829733,200
144,75.77679131452625,200
145,78.53879396532567,200
146,75.40671476220697,200
147,78.32897304460487,200
148,80.36356903590062,200
149,36.3316365044508,200
150,33.69831076468878,200
151,31.96172685436078,200
152,25.618568130727606,200
153,24.879987409319835,200
154,141.19970338671095,200
155,314.36906460625323,200
156,259.9408089216291,200
157,258.77646254074165,200
158,258.75756760345814,200
159,254.99894389566674,200
160,242.68933552402373,200
161,232.2595288861135,200
162,231.11123795888173,200
163,231.76429829538898,200
164,231.76686921736368,200
165,231.76058320860605,200
166,258.59965930330935,200
167,302.4366868682067,200
168,302.43664646164024,200
169,302.4157066645181,200
170,302.41554345501294,200
171,302.4153056043277,200
172,302.42346344599656,200
173,302.41591551387427,200
174,302.40516554893713,200
175,302.40527834773866,200
176,302.3806825822682,200
177,302.37639903870297,200
178,302.40290937568557,200
179,302.40322762984823,200
180,302.4005837025446,200
181,302.3829236522297,200
182,302.3745016285307,200
183,302.3625442263155,200
184,302.142225052154,200
185,302.0014136064341,200
186,301.67109900957547,200
187,301.14257223331845,200
188,301.1589799893642,200
189,301.14460355351844,200
190,301.14565378102924,200
191,301.1575568424736,200
192,301.15201874251744,200
193,301.190685458733,200
194,301.4256958010687,200
195,301.3890849876347,200
196,301.6057330437128,200
197,163.87610388408194,200
198,247.40320107957476,200
199,229.5298789245684,200
200,202.02344781303069,200
201,264.5812960583227,200
202,302.41928905021695,200
203,36.89070866401422,200
204,294.41789889943647,200
205,303.0671920072478,200
206,326.0393843569708,200
207,320.48354961142934,200
208,318.69101765492684,200
209,316.51401326265636,200
210,317.95303424266956,200
211,320.84114415310614,200
212,328.90829576447175,200
213,320.93905664074583,200
214,311.7784646885868,200
215,314.81818694983207,200
216,320.33326696039273,200
217,310.30973594774434,200
218,317.2336880954742,200
219,318.3720109061124,200
220,325.7839827984316,200
221,319.80151487706723,200
222,321.2468769347645,200
223,309.61769347703165,200
224,317.481633681741,200
225,317.9811436058183,200
226,320.8019818401991,200
227,319.00623961414095,200
228,316.21530474985383,200
229,317.911383177021,200
230,318.34589174904085,200
231,326.2379623188918,200
232,332.13545626106895,200
233,336.2624585075056,200
234,325.4358862424288,200
235,328.50734216092496,200
236,322.584039808023,200
237,315.5097065384587,200
238,326.34656502728717,200
239,298.27031491650166,200
240,330.59069216193006,200
241,344.14508579996556,200
242,328.2502350297147,200
243,317.467779629414,200
244,305.30079798283725,200
245,300.8440158207658,200
246,297.5901467011718,200
247,301.81201395918106,200
248,288.4272382535712,200
249,295.8395891488874,200
250,303.8809145558482,200
251,304.06544507004526,200
252,301.58281843192196,200
253,307.34168960278765,200
254,313.24748205284413,200
255,318.636452862616,200
256,308.46668571065624,200
257,315.4246935857454,200
258,315.58019182872033,200
259,332.71251408233513,200
260,317.8435984459784,200
261,302.93911318396556,200
262,308.7141852704373,200
263,308.9413613611775,200
264,308.95402804288597,200
265,308.96541773983745,200
266,309.24501098032823,200
267,309.2376634572795,200
268,73.9905762070271,200
269,27.616648810451967,200
270,27.64299994609719,200
271,27.61334409243922,200
272,27.593330750209233,200
273,27.599999763132892,200
274,27.616906117062413,200
275,28.4604584529407,200
276,30.70640651160932,200
277,30.933903126153332,200
278,30.866498643033026,200
279,30.820700283951908,200
280,30.83201393251168,200
281,31.109006804499813,200
282,31.170446764885604,200
283,31.13271681092681,200
284,31.034082205507094,200
285,30.793966008674747,200
286,30.740376899605337,200
287,30.743345905148228,200
288,30.772997921948836,200
289,30.7463986566343,200
290,30.75058399300124,200
291,30.762814226121463,200
292,30.756842657148525,200
293,30.746558356385425,200
294,30.516933785942747,200
295,30.465831937357745,200
296,30.473818938071375,200
297,30.470376099206014,200
298,30.47280556022023,200
299,30.476084775009777,200
300,30.47726278951537,200
301,30.46670203704706,200
302,30.476691846063748,200
303,30.457067994418793,200
304,30.476339608024833,200
305,30.486677347257512,200
306,30.49666467653911,200
307,30.493340286119615,200
308,30.49666639758307,200
309,30.71859959231889,200
310,30.79345375473597,200
311,30.73932901004475,200
312,30.700000762939453,200
313,30.69666673749273,200
314,30.700000762939453,200
315,30.703336078723652,200
316,30.58225716470266,200
317,30.413340423135327,200
318,30.423032153948277,200
319,30.33345453680913,200
320,30.286658053789566,200
321,30.276645592711553,200
322,27.51286156495212,200
323,2.8262715497354507,200
324,2.830481428844363,200
325,2.8532592710698705,200
326,3.079461160857433,200
327,3.0999999046325684,200
328,3.089992689109358,200
329,3.1035560918902396,200
330,3.1130990948409107,200
331,3.1033289007374236,200
332,3.1033297357787233,200
333,3.103331488511218,200
334,3.1000008736536206,200
335,3.1033297330513143,200
336,3.1066586801547635,200
337,3.0999999046325684,200
338,3.0999999046325684,200
339,3.1040965198150428,200
340,3.102568479653537,200
341,3.139810890449843,200
342,3.1639999208329725,200
343,3.1799927929324077,200
344,3.200000047683716,200
345,3.2636024723895747,200
346,3.330357937244759,200
347,3.992958173927679,200
348,5.5797705887888664,200
349,5.909584024726618,200
350,5.917102299955062,200
351,9.156916868426501,200
352,55.94696196896788,200
353,69.04362687032271,200
354,69.16985408986869,200
355,69.02006059280194,200
356,68.87627788290418,200
357,68.900001489358,200
358,68.90667243369955,200
359,68.89633718258385,200
360,68.89699644414033,200
361,68.89001312964761,200
362,68.89333777184316,200
363,68.9000015258789,200
364,68.90665613351075,200
365,68.89667175100868,200
366,68.89667174178032,200
367,68.9000015258789,200
368,68.89667264587361,200
369,68.90333141570017,200
370,68.89604338656228,200
371,68.89728300839307,200
372,68.88999532267067,200
373,68.86645641748272,200
374,68.78665949054998,200
375,68.76907952438336,200
376,68.77087767113893,200
377,68.70394295764358,200
378,26.539232746167237,200
379,242.59116960142197,200
380,341.7508515457259,200
381,341.08808093814514,200
382,341.01667756312065,200
383,340.99332572047865,200
384,340.98999325424484,200
385,340.9899944319354,200
386,340.9992270450005,200
387,340.9018694793006,200
388,340.13222424128554,200
389,339.9733155378573,200
390,339.9733606831657,200
391,339.9933399017316,200
392,339.9999999844938,200
393,339.98001649981813,200
394,339.9900097628447,200
395,339.98966701846194,200
396,339.980360809678,200
397,339.98246171566456,200
398,339.99089821305154,200
399,339.9794618333099,200
400,339.9938879485895,200
401,339.99367713653976,200
402,340.00298733504815,200
403,340.017104904254,200
404,339.9966726557452,200
405,339.97955311801473,200
406,339.9971654818942,200
407,339.9995092908901,200
408,339.9960926662209,200
409,339.9839102991927,200
410,339.9905532674513,200
411,339.9866230402172,200
412,339.99951502096707,200
413,340.00000463474146,200
414,340.0166515495402,200
415,340.02692790603066,200
416,340.18109662352725,200
417,340.5553638578236,200
418,340.78313547757085,200
419,340.80997788294593,200
420,340.82333238954783,200
421,340.79332018125956,200
422,340.74944302189976,200
423,340.7498153053106,200
424,340.7402429070508,200
425,340.7531011866898,200
426,340.76420327735315,200
427,340.74247601778643,200
428,340.7605090508882,200
429,340.75657352046125,200
430,340.7966532531263,200
431,340.78664908138643,200
432,340.7799778320684,200
433,340.7833120012417,200
434,340.79998880618393,200
435,340.82000075967534,200
436,340.8099954226125,200
437,340.8269184105662,200
438,340.83643648602396,200
439,340.84264229025325,200
440,340.8306715722336,200
441,340.7999898618954,200
442,340.8066478634228,200
443,340.77640562668233,200
444,340.69039536709374,200
445,340.70666912878767,200
446,340.70666922432343,200
447,340.7454890018295,200
448,340.96058068083704,200
449,341.57531635725564,200
450,341.83049031967124,200
451,341.8395358014978,200
452,341.86644113505395,200
453,341.82664822777923,200
454,341.8369596393424,200
455,341.82667115482826,200
456,341.8568117979167,200
457,342.0838960927554,200
458,343.46000695967075,200
459,343.41991768991426,200
460,343.5071156559635,200
461,343.54369236184283,200
462,343.83918212229094,200
463,343.9924702196866,200
464,345.0746733701397,200
465,346.69297021781534,200
466,346.69021512187044,200
467,346.7859513537342,200
468,346.98888844211154,200
469,347.0,200
470,347.00999010785364,200
471,346.9966711134132,200
472,347.0066604818079,200
473,347.0,200
474,347.0,200
475,347.00665945532734,200
476,347.0099895855437,200
477,347.009653483017,200
478,347.0036668568803,200
479,347.0033300590737,200
480,347.0163984062906,200
481,347.0002734137117,200
482,347.0030123945622,200
483,347.0103356288333,200
484,347.01334414276164,200
485,347.02001574327323,200
486,347.026684974,200
487,347.0096428910551,200
488,290.46611760422775,200
489,5.165226958622434,200
0,191.0270366055127,210
1,153.92328542769044,210
2,169.49899395145502,210
3,160.39912196793156,210
4,186.209159147992,210
5,179.73384030105748,210
6,155.89306676019024,210
7,138.4414525339627,210
8,142.80608887321648,210
9,150.02083766092693,210
10,152.4959786082069,210
11,152.97931232881695,210
12,144.77322667945066,210
13,149.60233892263645,210
14,145.20361098056495,210
15,142.3863789141318,210
16,154.74991573593067,210
17,188.52680012862697,210
18,173.11784036490693,210
19,138.1856718526681,210
20,138.3153611929932,210
21,166.20299291839837,210
22,139.8288642001705,210
23,143.81861151411258,210
24,141.62991111542058,210
25,124.52733196347043,210
26,150.57860656728474,210
27,145.9304346729904,210
28,149.60976935515552,210
29,149.73587125559254,210
30,153.45399979320572,210
31,154.079232747129,210
32,153.7561412963601,210
33,139.83485977236407,210
34,140.53343951429054,210
35,138.9886490527901,210
36,139.9669919470228,210
37,140.11671453782384,210
38,129.9312557398934,210
39,126.02781365146839,210
40,126.76519049179161,210
41,126.51479823131068,210
42,126.34314433635033,210
43,126.35441639486683,210
44,117.11006227591817,210
45,105.1442295911235,210
46,85.18460033569804,210
47,82.54533835852291,210
48,96.81338198714609,210
49,95.56303070706271,210
50,94.89361175868616,210
51,96.11237403754984,210
52,79.826727909991,210
53,74.0125622102908,210
54,77.01909069250888,210
55,86.25456188867231,210
56,91.1120315779767,210
57,76.90528573454539,210
58,79.61753875138075,210
59,110.68597964319461,210
60,113.13837407163324,210
61,120.50171947669591,210
62,100.87291139627291,210
63,74.59972418440228,210
64,105.76770352212765,210
65,117.70112578364312,210
66,153.83599243680104,210
67,161.30491269182968,210
68,162.30812659076742,210
69,160.06495841175465,210
70,129.12773696755724,210
71,113.82135859885585,210
72,120.34769700394942,210
73,115.64178306589277,210
74,116.27651504058886,210
75,120.52959134474253,210
76,171.39101556389144,210
77,172.8266853436585,210
78,172.4793757884887,210
79,172.26998299713864,210
80,172.24957529083565,210
81,172.23712216172126,210
82,161.63688227500856,210
83,139.6898100137248,210
84,139.66234568518774,210
85,131.36667181422288,210
86,116.44358588497235,210
87,112.71345236814552,210
88,116.40914052990888,210
89,128.65738001814688,210
90,130.12414164904388,210
91,138.95116087531562,210
92,133.23251207173854,210
93,130.31302180743123,210
94,128.17334643414912,210
95,122.58027591072104,210
96,115.57930814611599,210
97,114.71633125062101,210
98,116.40371788015351,210
99,113.62636688779278,210
100,112.39666307457964,210
101,112.25255880207789,210
102,113.31174708405533,210
103,109.36210045539012,210
104,112.48350490556923,210
105,108.12576568824377,210
106,73.6652456977445,210
107,73.67175486274476,210
108,96.95447606886246,210
109,113.4690151618309,210
110,111.17057948468829,210
111,109.24568168919343,210
112,106.00928613692707,210
113,98.51387033030849,210
114,110.9444590706704,210
115,95.11168733326659,210
116,104.94990684117153,210
117,86.39413674673537,210
118,105.0908255182101,210
119,115.13471322670665,210
120,112.22128066733627,210
121,116.25368830073626,210
122,113.20669300154589,210
123,113.37645266068013,210
124,113.13383308742242,210
125,113.84268600877998,210
126,118.91637838983992,210
127,113.36729963036342,210
128,115.253736759259,210
129,116.45313647817412,210
130,114.85888147298007,210
131,110.99193128753758,210
132,111.54671911324492,210
133,112.10629761411305,210
134,116.1520779506455,210
135,117.96323559096184,210
136,120.83039060328625,210
137,118.94330687934973,210
138,118.83672614420097,210
139,116.979064457548,210
140,117.30048878955904,210
141,119.16103247631227,210
142,116.51747728520326,210
143,114.53485506653874,210
144,117.34287737644449,210
145,112.67678682955551,210
146,116.55738608706854,210
147,110.0909294835825,210
148,119.31799055758007,210
149,123.52600274168758,210
150,122.27812637079698,210
151,114.4904986012347,210
152,123.7804598564801,210
153,114.41590415856496,210
154,116.91571247481103,210
155,117.54826997963642,210
156,124.52043263412754,210
157,121.56635871945323,210
158,122.60254009723283,210
159,127.21014531671817,210
160,114.6008517891135,210
161,124.71282274625106,210
162,115.45505410303133,210
163,117.31481994746962,210
164,112.25288481893733,210
165,116.11373826178693,210
166,114.89574524254282,210
167,112.67502055107391,210
168,105.45997155221329,210
169,91.99416459133202,210
170,115.61605082721039,210
171,114.44399745257445,210
172,112.55302448844591,210
173,116.59318850938553,210
174,111.48265330398797,210
175,111.08108360184816,210
176,114.03764919860303,210
177,113.9519619589099,210
178,109.05728904893522,210
179,111.45431648301756,210
180,110.64232585877932,210
181,119.84403102860514,210
182,115.49830135764681,210
183,119.90048179257391,210
184,121.48975835039894,210
185,116.46723897416068,210
186,118.63118816739916,210
187,117.08480742563167,210
188,113.01900167089681,210
189,118.6761462621358,210
190,117.57152367399235,210
191,115.91446847786054,210
192,114.2630979342605,210
193,130.20394263353188,210
194,123.91914453518346,210
195,118.84399793127388,210
196,112.12885473984237,210
197,114.32017543583576,210
198,111.12854581823842,210
199,114.776625584164,210
200,112.11084218537312,210
201,112.5138837940309,210
202,95.31021205802476,210
203,92.73951311446487,210
204,114.12429794589033,210
205,116.56684787381774,210
206,112.0810543687973,210
207,97.88151235847,210
208,87.86112526582691,210
209,111.63788164247948,210
210,99.7009301743501,210
211,110.69003355067493,210
212,115.94015746391882,210
213,112.87043452601193,210
214,112.32380908897152,210
215,106.89847395763911,210
216,101.6325218498084,210
217,108.9399734674519,210
218,103.17765077558575,210
219,111.73015323952411,210
220,109.38466770036129,210
221,104.75182717935577,210
222,87.9329882927824,210
223,83.24581290900537,210
224,92.26051810043413,210
225,81.7835066585382,210
226,85.53463105116381,210
227,78.04940787397406,210
228,78.52726446433671,210
229,98.3051832048646,210
230,101.44851578680537,210
231,115.78360221653264,210
232,116.34284538447214,210
233,110.98735409562464,210
234,111.33767013678319,210
235,114.38530321508175,210
236,113.11992849376625,210
237,118.17699454819704,210
238,122.86040726091429,210
239,113.64256221091368,210
240,116.04381933387822,210
241,114.96814310035408,210
242,111.34526132587284,210
243,109.40173377958456,210
244,113.22725242909706,210
245,117.97395204230511,210
246,116.97001198152498,210
247,124.80949250658468,210
248,121.96850838073264,210
249,120.93066606422505,210
250,118.72808117976922,210
251,118.61120815381102,210
252,117.20656761351032,210
253,111.67496110924964,210
254,113.47786589361911,210
255,117.23853667326364,210
256,110.54478724239365,210
257,118.73093977211933,210
258,119.06186679364244,210
259,106.31684559749048,210
260,109.15705743744131,210
261,111.51658471915879,210
262,107.72178947126869,210
263,121.27178229737203,210
264,107.81516575615301,210
265,99.26997699202171,210
266,105.3485937232826,210
267,107.1704595745141,210
268,117.42372757344094,210
269,117.31007299325556,210
270,111.30023281449135,210
271,112.9118711594922,210
272,106.77108777953924,210
273,113.45241983269953,210
274,117.92873266984434,210
275,113.08763841769942,210
276,108.04976415488598,210
277,112.36245684152773,210
278,97.27910349132122,210
279,115.75205412107357,210
280,117.55674356857118,210
281,118.17470584021949,210
282,113.01945100279174,210
283,108.95552572272182,210
284,114.26936433833691,210
285,108.70172944546923,210
286,112.91407721367533,210
287,96.81918124590493,210
288,88.99771255535761,210
289,74.89070401409239,210
290,74.3372379838417,210
291,75.82250032192778,210
292,74.57246523839692,210
293,76.33279869550212,210
294,75.59623195849728,210
295,80.68215096962332,210
296,77.88155528589347,210
297,76.95572764537307,210
298,87.42292388241212,210
299,95.73173257184182,210
300,76.56459915436457,210
301,78.56729417357242,210
302,74.3112687417919,210
303,80.33972055621449,210
304,80.06127003446477,210
305,75.61534912714492,210
306,82.91037574068618,210
307,77.07217371857291,210
308,79.884952195447,210
309,84.27623183833083,210
310,81.16015656178675,210
311,81.77253361875266,210
312,77.73654432871214,210
313,75.92156219011052,210
314,77.53903507415636,210
315,77.40601167984869,210
316,75.1608025157774,210
317,77.79873146438767,210
318,76.30242805963208,210
319,76.68296599776923,210
320,73.36883243351838,210
321,78.48524085232086,210
322,78.09962955341564,210
323,75.60448679900144,210
324,75.35827737798094,210
325,75.4161536896574,210
326,71.42097148051737,210
327,76.04090873689275,210
328,80.87892175184432,210
329,77.77017966263213,210
330,78.14658491462583,210
331,84.38524733257495,210
332,76.78949784168746,210
333,79.83541643379442,210
334,91.8513281059718,210
335,103.67848335582218,210
336,109.10785715715187,210
337,115.24764122579346,210
338,109.03092228437339,210
339,100.64448558248931,210
340,96.57581012176915,210
341,96.58336299049773,210
342,100.70067719875458,210
343,88.72613949260422,210
344,78.410819598246,210
345,76.1727865340669,210
346,83.43140941717178,210
347,82.37627816228854,210
348,76.56544819047302,210
349,75.75354910820757,210
350,73.04895237663168,210
351,77.26446011711097,210
352,78.48501638267592,210
353,79.60673286163627,210
354,80.0031874293503,210
355,87.68245184416364,210
356,80.21274964807533,210
357,81.11110272423318,210
358,77.1029165276121,210
359,79.67014119370195,210
360,84.02389678874393,210
361,82.19242028043878,210
362,81.07921309494849,210
363,93.95171602688859,210
364,98.21859710106379,210
365,87.76333551662431,210
366,88.263141806161,210
367,76.32069413292422,210
368,72.75177955269345,210
369,75.06850096317895,210
370,74.51364549966073,210
371,73.13038403123414,210
372,82.14875143198557,210
373,77.35712333336528,210
374,77.83979001121334,210
375,75.21427311475335,210
376,77.51677206480342,210
377,76.63262286285257,210
378,76.32492174000046,210
379,76.30036741450107,210
380,75.60240864308432,210
381,77.79773598031643,210
382,76.38676691112826,210
383,78.16040083423172,210
384,77.29018917490895,210
385,75.36974674206454,210
386,77.9003430042528,210
387,75.38384332212028,210
388,75.0786022107622,210
389,74.59760330474808,210
390,77.64362447992092,210
391,75.73868078742053,210
392,76.734461549869,210
393,76.01857257362389,210
394,76.45966189113719,210
395,74.28429074788603,210
396,75.3321549460131,210
397,74.16958526756942,210
398,74.20807341342554,210
399,75.50358857141597,210
400,75.90311556086014,210
401,75.71011311338219,210
402,76.34654602235837,210
403,76.57933085422106,210
404,78.9536959676225,210
405,75.35209186029793,210
406,77.27182213604027,210
407,86.94769834134743,210
408,77.25446529434059,210
409,97.20474112362135,210
410,99.99377928867533,210
411,83.72335801495325,210
412,111.27113830571402,210
413,84.49383212138383,210
414,83.87230235005504,210
415,80.37617994915004,210
416,106.23308498660816,210
417,112.11479150374353,210
418,106.72724942752612,210
419,112.97011315702106,210
420,113.01584921220257,210
421,116.98743903064079,210
422,114.07871935894609,210
423,114.10962837789931,210
424,88.2609496522741,210
425,81.18175816694982,210
426,90.31800043196124,210
427,110.67829734285718,210
428,111.44753998127857,210
429,107.62236811599773,210
430,103.66680784875297,210
431,114.36878474830188,210
432,112.77755071776309,210
433,114.64414989883593,210
434,113.19935779991694,210
435,110.43792127856416,210
436,113.15789352049491,210
437,105.44228773612038,210
438,88.3707021561937,210
439,115.58136216415734,210
440,106.83745978204075,210
441,98.80937846120972,210
442,113.62860499326348,210
443,114.16575394769907,210
444,112.50793266354827,210
445,114.18803342828582,210
446,113.58305836542134,210
447,98.21595704647345,210
448,99.49749444974941,210
449,115.6275763931316,210
450,104.13494021363636,210
451,110.08550350740668,210
452,115.39937181225785,210
453,114.12708534060229,210
454,118.33694831574809,210
455,113.96524593171067,210
456,113.48942814372113,210
457,113.89985921828715,210
458,112.37354340342527,210
459,115.60184320627687,210
460,116.83998063825848,210
461,111.92676199813448,210
462,109.5004580762203,210
463,109.3471335733858,210
464,113.869272506253,210
465,117.01482719396651,210
466,117.26719672110119,210
467,112.21578067095291,210
468,113.58010938396674,210
469,114.88099537155658,210
470,115.77252807482874,210
471,109.37331239037984,210
472,111.5222589834291,210
473,111.1298665014107,210
474,115.41292578698881,210
475,112.05505562171199,210
476,113.90066783712624,210
477,113.51877019561117,210
478,114.77735843629956,210
479,112.62087934758458,210
480,110.84090084094323,210
481,112.28391755958671,210
482,113.71671152742994,210
483,116.606194739746,210
484,114.3247355317439,210
485,112.24856552316983,210
486,112.7179203406101,210
487,113.80330969967211,210
488,111.7340717383131,210
489,115.02954897012435,210
0,237.6148294897969,270
1,237.62266608805007,270
2,237.61267442559821,270
3,237.61678488386113,270
4,237.52793309509866,270
5,237.00455737772114,270
6,237.0273515069891,270
7,237.03900615412684,270
8,237.0236360918577,270
9,237.03869353215154,270
10,236.79360432752097,270
11,236.36840767596414,270
12,235.97415618802881,270
13,206.03066162061128,270
14,181.28419461772967,270
15,176.3850798020173,270
16,168.3184233002311,270
17,167.74875149209254,270
18,167.7510187759068,270
19,167.85453142989724,270
20,167.73329141157106,270
21,167.78999483129988,270
22,167.80333629866857,270
23,167.81524530680255,270
24,167.82812145853956,270
25,167.80666601746483,270
26,167.803339376512,270
27,167.80333756287058,270
28,167.82828774466628,270
29,167.8432966104621,270
30,167.81843966487293,270
31,167.7866822159876,270
32,167.80333763304634,270
33,167.82663336600237,270
34,168.14879712327408,270
35,170.17529439213365,270
36,169.52003931612842,270
37,169.90858625035986,270
38,170.52564111401776,270
39,170.8072987981987,270
40,170.66077654353919,270
41,170.76256956674888,270
42,170.61086770502928,270
43,170.64040627733218,270
44,170.77305312793897,270
45,170.59333053683517,270
46,198.9880276206771,270
47,265.5673022136951,270
48,265.50317929631564,270
49,315.6528807088891,270
50,321.54193460765407,270
51,325.98999128642345,270
52,334.6910372793559,270
53,335.62798381320016,270
54,335.360039370437,270
55,330.37644294554644,270
56,339.6593924212647,270
57,342.7149920272347,270
58,343.22363647939267,270
59,339.086155030258,270
60,337.0975249641104,270
61,335.9993985072449,270
62,336.09277720519873,270
63,326.23471617316915,270
64,323.494068362731,270
65,322.3514727471002,270
66,322.7827277145857,270
67,322.10815323340415,270
68,323.987275659433,270
69,312.8273724397944,270
70,315.25655813397,270
71,331.88470787862434,270
72,335.9147668790767,270
73,334.6601636739384,270
74,336.7709167967364,270
75,339.4549840103531,270
76,338.12190493951783,270
77,338.4234986192698,270
78,342.0395657941491,270
79,352.28490130396267,270
80,352.905759006439,270
81,353.16239027612284,270
82,343.50611156939084,270
83,354.74085611200337,270
84,345.7734391712152,270
85,341.3074278321989,270
86,340.58667970022617,270
87,351.2186548739122,270
88,297.0066683264905,270
89,339.38946115515057,270
90,357.5054887204254,270
91,337.7181364197437,270
92,341.7192901055784,270
93,333.93206720135277,270
94,333.7637981537948,270
95,342.72206234067244,270
96,348.3563142446332,270
97,340.9777559487995,270
98,338.88027116075517,270
99,338.2612392014184,270
100,336.6940202484682,270
101,332.0272366615569,270
102,329.59914742233633,270
103,330.0907887106037,270
104,330.74875339401297,270
105,336.09281049967245,270
106,333.7470109489637,270
107,332.08461729522895,270
108,331.82301494797855,270
109,330.4747980547949,270
110,326.8222806787392,270
111,324.8456905588895,270
112,322.1786190117335,270
113,313.9864185612773,270
114,304.35579586263384,270
115,310.2845977417309,270
116,303.70915444691724,270
117,303.2843274512133,270
118,311.36088490737126,270
119,310.0086445410682,270
120,322.05855884372943,270
121,304.5272994201703,270
122,301.5403340518807,270
123,300.1226769264499,270
124,294.13821954959747,270
125,300.470959018713,270
126,298.47453959625716,270
127,315.2194085969983,270
128,304.76314133007077,270
129,305.550753581967,270
130,321.5551498153745,270
131,319.59693308079557,270
132,317.98655824334696,270
133,322.8632145259847,270
134,319.2503596976897,270
135,309.5276570454809,270
136,291.9911516624556,270
137,293.14101075573257,270
138,293.06704404996714,270
139,289.17930353227166,270
140,297.91830401944753,270
141,290.2194247899484,270
142,294.9016804160854,270
143,298.0175546196612,270
144,299.63817232691144,270
145,315.4912293977045,270
146,299.8798002671276,270
147,292.684084447807,270
148,303.88820834773463,270
149,304.2012069021416,270
150,303.70525315095193,270
151,301.71044114770086,270
152,303.6898162923073,270
153,303.07818867042613,270
154,302.592567085497,270
155,302.22713912889435,270
156,302.4791382189712,270
157,301.9736640431102,270
158,304.2362076294313,270
159,302.8260760907893,270
160,302.9634634634465,270
161,303.12030986860213,270
162,303.1953262276935,270
163,302.18458534880597,270
164,302.4585818258074,270
165,302.8179174979718,270
166,301.9350109849011,270
167,300.9314939099572,270
168,303.5015698305677,270
169,303.6712431712795,270
170,303.67489497701166,270
171,305.32030451246794,270
172,307.4581301516807,270
173,307.9499480359118,270
174,309.5746885614273,270
175,308.1351422759676,270
176,307.27103094993754,270
177,297.05490861756186,270
178,301.42805279402234,270
179,301.67522233680415,270
180,301.9338155623744,270
181,302.6423960894513,270
182,302.5180658349223,270
183,302.9584803333859,270
184,302.83624739460447,270
185,302.8665488015953,270
186,303.3320544741153,270
187,302.05183552169177,270
188,301.82348469732835,270
189,302.7820539514757,270
190,303.464427407994,270
191,303.4558859073297,270
192,303.45179402768065,270
193,303.41104603719066,270
194,302.84794220416137,270
195,301.72159717092717,270
196,300.77620708271695,270
197,300.58752973918513,270
198,300.62161020797146,270
199,300.632833778637,270
200,300.60985325272765,270
201,300.6069375668185,270
202,300.66174423774737,270
203,301.0262467352252,270
204,301.0144236245897,270
205,300.6861465468383,270
206,300.6969293765669,270
207,300.6983467197288,270
208,300.7411642202638,270
209,300.7416486292681,270
210,300.74297510943734,270
211,300.7835062151246,270
212,300.8405333436139,270
213,301.9378853068928,270
214,304.0112038635684,270
215,303.95893182699086,270
216,303.96419042343734,270
217,303.97514286902765,270
218,303.85795617173835,270
219,303.5178674424961,270
220,303.2878335858237,270
221,303.2935642299607,270
222,303.3022748455408,270
223,303.2945372650746,270
224,303.2958115109308,270
225,303.280117701215,270
226,303.4575090624599,270
227,303.49696086796985,270
228,303.4623315995267,270
229,303.47714521639364,270
230,303.25086009151573,270
231,303.19423732780064,270
232,303.2009921876793,270
233,303.20866980409073,270
234,303.30863333342194,270
235,303.45637533291796,270
236,304.146673923007,270
237,304.34067964401123,270
238,304.34938066603735,270
239,304.3892770453698,270
240,304.38553784286864,270
241,304.39410860025015,270
242,304.3537488928988,270
243,304.3211449886808,270
244,304.1551600587875,270
245,304.2577725485713,270
246,304.4893873003414,270
247,304.3507060389418,270
248,304.9122940793036,270
249,305.51791022360874,270
250,306.30163459228123,270
251,306.328592300492,270
252,306.31008145975306,270
253,306.3555560877785,270
254,306.4211473378744,270
255,306.39539994196195,270
256,306.39504908996236,270
257,306.3482554988687,270
258,306.63991627502963,270
259,308.0155107470405,270
260,308.0025817897686,270
261,307.9720087524356,270
262,308.03397222034334,270
263,307.9615539140801,270
264,306.9735574210693,270
265,306.7034569807212,270
266,306.662812540305,270
267,307.2754933104747,270
268,308.19978165962874,270
269,308.2294451584179,270
270,308.5440170644174,270
271,308.5197789517299,270
272,308.4819626705391,270
273,307.86809526496756,270
274,307.7988412752804,270
275,308.4409574475682,270
276,308.3334652475692,270
277,309.3726317345864,270
278,311.3753580563576,270
279,312.79454159969396,270
280,315.0783897209302,270
281,316.0385244423948,270
282,316.849506661212,270
283,316.6442979216598,270
284,318.2932606248837,270
285,317.7847677269298,270
286,318.09690327707904,270
287,318.936401217902,270
288,319.9550255787722,270
289,320.17597126344936,270
290,320.29566863276256,270
291,320.2916919360737,270
292,320.16676208390567,270
293,320.1159602545683,270
294,319.2820814721966,270
295,318.1845414662572,270
296,319.09140043332513,270
297,318.6783719460189,270
298,320.2624598067648,270
299,320.4063454292166,270
300,319.5024141245335,270
301,319.48348175638006,270
302,319.4631542785149,270
303,322.5554630885965,270
304,323.3149004314173,270
305,321.81455212395144,270
306,321.80632552467284,270
307,320.3738174328696,270
308,320.7879008660517,270
309,322.70308838087084,270
310,322.5616606077718,270
311,322.61248223038206,270
312,323.5463726818466,270
313,324.56040463675544,270
314,323.48311015762687,270
315,324.20927034850365,270
316,325.68635879646325,270
317,325.44338915822317,270
318,324.1404995327092,270
319,323.36062988003846,270
320,324.87339423003795,270
321,325.20879706414917,270
322,325.0602460625908,270
323,325.61828927350984,270
324,326.3057211132747,270
325,325.0114949493316,270
326,327.73856217164126,270
327,328.45902756341974,270
328,328.9850770621678,270
329,326.8217594992675,270
330,328.657021836261,270
331,331.8105613859996,270
332,334.05838067868865,270
333,335.8948368313756,270
334,336.4352290918594,270
335,336.56625871228283,270
336,336.8899601310894,270
337,337.0000740093233,270
338,336.7530595347172,270
339,337.20282462297644,270
340,337.0983660424182,270
341,336.73333511229566,270
342,338.94680534443677,270
343,339.3243857488277,270
344,338.54982138187944,270
345,338.03875560815294,270
346,337.11694669032727,270
347,336.7121366233721,270
348,336.86539635847305,270
349,336.81404146150436,270
350,336.74914900447675,270
351,337.082686245645,270
352,338.2583879084978,270
353,338.7408050364097,270
354,340.3155484778958,270
355,340.31792397861784,270
356,341.5534254569598,270
357,339.36882709277404,270
358,338.69772812294303,270
359,340.69006211120285,270
360,341.1301143427313,270
361,339.14446511730483,270
362,340.6954179247307,270
363,342.44661471612693,270
364,342.0381041992743,270
365,341.8921995815006,270
366,342.9505022590687,270
367,342.7091383070392,270
368,342.8539839253734,270
369,343.49523295408807,270
370,343.38770660489894,270
371,343.434586325567,270
372,343.51449550467083,270
373,343.55558925386634,270
374,343.5621107008856,270
375,343.5947517933782,270
376,343.7194050077727,270
377,343.62120721152854,270
378,343.52469496090396,270
379,343.84039557854663,270
380,343.78998343942567,270
381,343.72328887951545,270
382,343.7433918879133,270
383,343.70808534113615,270
384,343.85813097883755,270
385,343.80412237699784,270
386,343.6314018711591,270
387,343.74469625565104,270
388,343.65531377298106,270
389,343.9413032922873,270
390,343.73084153297367,270
391,344.15258090387465,270
392,344.08902463372027,270
393,344.0381301790128,270
394,344.2516611844519,270
395,344.0564973491246,270
396,343.9062472829317,270
397,343.8019997542293,270
398,343.6859675105426,270
399,343.7421512152267,270
400,344.2908664094064,270
401,343.8107351365778,270
402,343.8875331562902,270
403,344.62647668882175,270
404,346.3453347393196,270
405,346.5147256686998,270
406,346.5425196291693,270
407,346.78015069203417,270
408,346.648511464442,270
409,346.5284578168426,270
410,346.49662989678376,270
411,347.36583772666387,270
412,347.653034634896,270
413,348.37385144764784,270
414,348.2882171197415,270
415,347.4805067879124,270
416,348.6612043065332,270
417,348.90713192542455,270
418,347.00248790416003,270
419,347.0540519996729,270
420,347.20825931688034,270
421,350.39414285610684,270
422,351.4208152664082,270
423,351.34080498565027,270
424,349.69052517477337,270
425,349.39243239027,270
426,349.5423911459215,270
427,349.8922932093458,270
428,350.01524196356354,270
429,350.3233376746672,270
430,350.2799844918288,270
431,350.28663643686104,270
432,350.28809833991534,270
433,349.91767739774815,270
434,350.155672996018,270
435,350.488430315272,270
436,350.6933202847798,270
437,351.2958260436804,270
438,350.2897780032084,270
439,350.3866516502273,270
440,350.67599689119874,270
441,351.4610717878867,270
442,351.62496989632444,270
443,351.6166563435137,270
444,351.6066643753224,270
445,351.59457813734,270
446,351.57541757380477,270
447,351.37335524824647,270
448,351.36233839462335,270
449,351.3934428533174,270
450,351.49239870958394,270
451,351.7192899032145,270
452,352.12623163776595,270
453,351.9999999838631,270
454,352.0222266721145,270
455,352.0433014942655,270
456,352.03120297009593,270
457,351.9499532521397,270
458,352.0033551905381,270
459,352.01000666182836,270
460,351.9933291758857,270
461,351.97998195604373,270
462,351.98999685964577,270
463,351.98665968259604,270
464,351.99666441758643,270
465,351.9933291005622,270
466,351.9933288496052,270
467,352.00476690412614,270
468,352.0199542854356,270
469,352.0153225126726,270
470,352.00995969740774,270
471,352.01665684464103,270
472,352.02997190876243,270
473,352.0099904219026,270
474,351.99818354005583,270
475,351.9918261379688,270
476,352.03533054797776,270
477,352.08335595478565,270
478,352.09001598549014,270
479,352.10999634242233,270
480,352.0966734610156,270
481,352.09333496430577,270
482,352.10000611445435,270
483,352.09667055905965,270
484,352.11001281975604,270
485,352.09333498476934,270
486,352.1066772111452,270
487,352.10000615247645,270
488,352.10334169535605,270
489,352.0933349716091,270
0,279.6212125130733,280
1,288.863531211673,280
2,281.19925157901764,280
3,283.38627208267735,280
4,279.7321408322853,280
5,278.79555571421525,280
6,283.93856815730527,280
7,284.0335463303766,280
8,282.3438221818071,280
9,288.46640289263183,280
10,291.175524220099,280
11,283.8812199148744,280
12,284.3816767352502,280
13,288.42993533594046,280
14,286.895016648279,280
15,290.36776508608705,280
16,290.81856132231945,280
17,286.15725838083455,280
18,288.8883989522416,280
19,291.1385003569606,280
20,296.69621614996464,280
21,294.82976863510464,280
22,299.21553813154327,280
23,297.3614565703769,280
24,286.4218624799604,280
25,292.28491778245103,280
26,285.95223707063076,280
27,279.25132492524716,280
28,278.66399188458274,280
29,282.5281848854862,280
30,281.9191031255309,280
31,277.4032722230135,280
32,288.68560027034516,280
33,287.23038802043817,280
34,280.9969816124067,280
35,283.07775067794637,280
36,263.2588703796586,280
37,262.9835679800266,280
38,263.83303703945256,280
39,263.9592359113064,280
40,263.43195206554594,280
41,263.7752804478946,280
42,290.6376828894487,280
43,280.0934064228449,280
44,280.8152032512121,280
45,281.5068711882582,280
46,281.5073384703288,280
47,281.46104672414833,280
48,281.3979010358095,280
49,281.4843204798092,280
50,282.91904882209246,280
51,287.2790776427547,280
52,287.5095421831192,280
53,288.0919805079911,280
54,294.61744952720437,280
55,304.57040203219225,280
56,304.3869872575973,280
57,305.237531983512,280
58,303.7076073740189,280
59,304.11687102858644,280
60,300.74919881285274,280
61,299.55628378819597,280
62,308.7327974358915,280
63,306.96730124539783,280
64,313.8695295605485,280
65,305.40253864429184,280
66,310.12800776443225,280
67,311.15134648848453,280
68,309.80896013684384,280
69,305.6941899272092,280
70,304.2265755520559,280
71,307.2058274541406,280
72,308.1594092239809,280
73,307.50084605386536,280
74,307.2950499125381,280
75,307.21954034059894,280
76,307.2335492882291,280
77,307.18196362201235,280
78,307.13983360729753,280
79,307.1376425860109,280
80,307.1451797887676,280
81,307.14717884046735,280
82,307.1381362546737,280
83,307.1406635185303,280
84,307.13885627009694,280
85,307.1429526805326,280
86,307.13764381982486,280
87,307.15165785908465,280
88,307.15131838343854,280
89,307.1434854005494,280
90,307.1418553729801,280
91,307.14663993336256,280
92,307.21130971420155,280
93,307.21548327939047,280
94,307.2257546015297,280
95,307.2270131982533,280
96,307.2191686503475,280
97,307.2179960839416,280
98,307.2186209830254,280
99,307.2206129801502,280
100,307.2150493381706,280
101,307.2428849424362,280
102,307.2130677229337,280
103,307.23325813583904,280
104,307.36482644686373,280
105,307.4193051970733,280
106,307.4073726777367,280
107,307.2504908526233,280
108,307.0061489882146,280
109,306.93602772530943,280
110,298.9150358891147,280
111,289.9283645462198,280
112,289.92185000687573,280
113,290.82861024066506,280
114,291.1858688941941,280
115,291.83077701730576,280
116,293.44809987891745,280
117,293.23345291339115,280
118,295.845802256588,280
119,303.36150087262604,280
120,305.36153085466907,280
121,302.8545137312232,280
122,314.0309776877167,280
123,309.85047805336416,280
124,311.80408734628827,280
125,305.04060769943555,280
126,308.51526831304363,280
127,308.6503480861305,280
128,313.6379919868965,280
129,312.8508638677009,280
130,311.6719537217809,280
131,307.1602078403008,280
132,305.76241687065993,280
133,303.06343293962243,280
134,286.47939927139646,280
135,294.6786612671405,280
136,294.84818419859846,280
137,301.65550042146316,280
138,301.71935861558376,280
139,305.70002983191495,280
140,299.44921900820566,280
141,301.3540583547268,280
142,302.62510008041045,280
143,303.0960701655315,280
144,302.2409298374165,280
145,299.19927014767484,280
146,301.2554499205129,280
147,302.5367714745964,280
148,299.7861629972177,280
149,298.6362245209804,280
150,291.63780762018746,280
151,299.96296931301754,280
152,302.60740983191664,280
153,301.84511528704274,280
154,300.8541725714839,280
155,304.9550771503675,280
156,297.1825298817776,280
157,299.0139214454385,280
158,294.266121423546,280
159,302.41735124905034,280
160,289.61888738218073,280
161,301.8392497169354,280
162,302.1950315980182,280
163,301.7956853676009,280
164,304.65421304041365,280
165,297.8404101941625,280
166,297.94230011764296,280
167,297.02200522793305,280
168,300.19235931606596,280
169,301.14672522642917,280
170,300.36050335976955,280
171,301.66178076809376,280
172,297.9574425794321,280
173,301.77789866542497,280
174,301.5987234076582,280
175,296.6142039746917,280
176,302.7611648845822,280
177,299.78984210653226,280
178,302.91228627222523,280
179,296.3503521547617,280
180,296.5610065299069,280
181,298.7603745213009,280
182,293.9866061185839,280
183,294.9714315669169,280
184,298.07651565352813,280
185,302.2933807122376,280
186,301.41502257456136,280
187,302.7653379013889,280
188,300.7461279672142,280
189,297.2663751821332,280
190,303.74856144572925,280
191,303.6309297361094,280
192,301.41780364977575,280
193,297.2931790827795,280
194,298.8425349309276,280
195,300.2823622712292,280
196,303.1370045432094,280
197,298.076952504552,280
198,301.8021015445577,280
199,301.23398685884183,280
200,297.04766621461084,280
201,307.3779284268398,280
202,301.24983542159436,280
203,301.10973228563944,280
204,303.0615004383764,280
205,297.9748389527345,280
206,299.3502623376651,280
207,300.97201064057805,280
208,303.2842218114869,280
209,300.00562392328914,280
210,303.2000274343343,280
211,301.28006158398347,280
212,295.4789709614807,280
213,303.1250446045539,280
214,303.9948393235069,280
215,302.8290433687708,280
216,303.42764875472693,280
217,305.02008900696535,280
218,305.4288840690608,280
219,300.7934841958314,280
220,298.98926089953375,280
221,302.3253287068319,280
222,301.38361012146424,280
223,297.05689236674783,280
224,300.3779621046664,280
225,301.2230315593636,280
226,301.97896249151825,280
227,296.2217310886222,280
228,304.89638092876896,280
229,302.8752255976097,280
230,295.31735786044027,280
231,302.0644233593038,280
232,299.315536026878,280
233,299.22503343668296,280
234,295.5978802494399,280
235,298.1821121935121,280
236,303.3477739500285,280
237,299.9904224230252,280
238,302.0488181733387,280
239,304.5922720819494,280
240,305.8739818382147,280
241,301.5025719473426,280
242,303.3697534562389,280
243,297.03190968833917,280
244,301.24374856406206,280
245,300.8772752453061,280
246,300.7577749279039,280
247,298.97775956857816,280
248,303.08275047630156,280
249,295.313626651498,280
250,300.83211433980034,280
251,302.09705753319946,280
252,299.63028725594177,280
253,299.0016354135554,280
254,299.44391005796905,280
255,299.79557828427284,280
256,298.8836245305011,280
257,297.53683216507835,280
258,299.87511397867405,280
259,301.1188535389039,280
260,298.1313865985203,280
261,297.7365969963229,280
262,302.3564914434891,280
263,293.2155328570565,280
264,290.98244409630126,280
265,298.4232638251247,280
266,301.8603806266046,280
267,293.1334634235674,280
268,299.7597257661918,280
269,303.6474849909734,280
270,295.6904885570846,280
271,300.80670553795676,280
272,300.56245218377256,280
273,300.1736492975509,280
274,303.42760690786463,280
275,302.3764424330925,280
276,304.38523302608274,280
277,301.7668957913516,280
278,303.7973160186923,280
279,299.2706779045341,280
280,293.08917898554836,280
281,289.754160054029,280
282,293.7053242500758,280
283,298.5467860883115,280
284,299.3742738183714,280
285,295.5306957756873,280
286,293.3371780022092,280
287,292.78141111169714,280
288,288.8142790478874,280
289,300.21852921740884,280
290,288.869293690358,280
291,303.67578802100047,280
292,302.3653984613127,280
293,298.2812253624526,280
294,302.1709622198768,280
295,303.0696372320342,280
296,299.1154527017279,280
297,297.95210582313473,280
298,297.03789770800006,280
299,294.0992381371192,280
300,287.62553776886347,280
301,299.08860116801543,280
302,302.73704584762555,280
303,298.5296326629201,280
304,296.0950210902167,280
305,294.9966697710965,280
306,289.507268892436,280
307,288.3023493125359,280
308,281.781049356229,280
309,293.64832480216415,280
310,293.12175179068896,280
311,290.3315782476394,280
312,285.37282854512875,280
313,296.21958528429326,280
314,295.6643333775349,280
315,278.46388098141983,280
316,282.64930870351265,280
317,290.2161358090195,280
318,293.32187113122495,280
319,282.04227398423535,280
320,282.87531295654094,280
321,285.26014487224893,280
322,292.9795530942932,280
323,284.30044497229846,280
324,281.61979743722276,280
325,286.4067780126043,280
326,281.57136768548395,280
327,279.2460170472933,280
328,283.67237333809476,280
329,282.0630660816919,280
330,281.3758352833593,280
331,281.6074135429579,280
332,285.09195461330785,280
333,279.6821839787643,280
334,286.50653667508914,280
335,286.08096828480876,280
336,284.449007274034,280
337,277.99308649732615,280
338,284.04782803958267,280
339,283.0019254049087,280
340,280.41929865907923,280
341,284.6154874203914,280
342,284.2391319363256,280
343,282.3108454983389,280
344,282.30956020136836,280
345,284.3229097540033,280
346,283.77564799995326,280
347,281.6520720009839,280
348,284.02524561286197,280
349,285.1729430548333,280
350,284.7493534367432,280
351,282.18248654372036,280
352,282.314909943294,280
353,281.9449310204091,280
354,284.2008643869856,280
355,288.3518215431969,280
356,283.01254191473294,280
357,283.32947163881784,280
358,285.5110540223006,280
359,283.15149722189494,280
360,284.2049882143611,280
361,283.74081324435116,280
362,286.1156560851975,280
363,285.28609196835833,280
364,283.9821670227482,280
365,283.94925718314784,280
366,284.4765804232245,280
367,283.2834112841231,280
368,280.1928275467899,280
369,283.00650749487073,280
370,281.6879889253705,280
371,281.6851986312716,280
372,280.27595912352376,280
373,280.3755291807697,280
374,293.39967730939685,280
375,293.7288241971351,280
376,296.99324900730653,280
377,289.55229054064165,280
378,285.55241790235834,280
379,282.0606655482427,280
380,280.3347331129049,280
381,281.08325787585636,280
382,280.0655761621729,280
383,282.5009256416368,280
384,292.03674039456826,280
385,288.12258610031057,280
386,286.1189868530654,280
387,285.5180755011232,280
388,284.8884577923867,280
389,282.8262343643111,280
390,282.6705580274469,280
391,281.89746688043215,280
392,280.4144981927249,280
393,282.65963270950454,280
394,287.60459144963727,280
395,289.9200027116583,280
396,277.9592248925544,280
397,280.01408054899105,280
398,283.81440568874984,280
399,285.4555282379016,280
400,283.9797909082016,280
401,286.02238558266333,280
402,280.1366824156431,280
403,285.2958149618865,280
404,290.28941104739755,280
405,286.4604736573445,280
406,279.9944901952088,280
407,279.1940813666259,280
408,279.94806363718266,280
409,283.3009838631786,280
410,289.386794165444,280
411,283.16181942638786,280
412,285.1790737220182,280
413,295.3413622121832,280
414,285.700153229877,280
415,280.27769219201184,280
416,291.0950554967985,280
417,294.6165028890978,280
418,287.4269163082599,280
419,284.0031151555431,280
420,288.45933883288376,280
421,302.5673024919316,280
422,298.1526383772029,280
423,288.23777554502414,280
424,294.23067795566067,280
425,294.62538449929986,280
426,291.6551580714028,280
427,294.8720525558431,280
428,289.7422083609506,280
429,295.0297702492803,280
430,289.47576588020917,280
431,289.87111303257615,280
432,292.3086217189866,280
433,301.6653252978936,280
434,301.1311094662201,280
435,295.9400857504826,280
436,298.7620881693403,280
437,299.0693398485355,280
438,297.0319498477741,280
439,296.1235231764929,280
440,302.6495592805135,280
441,296.96592319916044,280
442,298.5829882328847,280
443,299.80157519976945,280
444,299.7334112898857,280
445,300.1168282386113,280
446,302.5229164780489,280
447,296.78930487210624,280
448,299.03261583629796,280
449,300.1513479193457,280
450,298.0250658145773,280
451,299.87961865735633,280
452,306.61676076049116,280
453,304.0904684349313,280
454,302.3121465560019,280
455,302.42695541094633,280
456,305.9213270394248,280
457,301.67102488847985,280
458,300.8691889819923,280
459,308.0982750266664,280
460,300.7992332611026,280
461,311.5542732206797,280
462,307.78660121844325,280
463,305.9771015340127,280
464,303.16589429951523,280
465,301.91152732268813,280
466,300.23168401007496,280
467,303.80774868750956,280
468,297.2633465173907,280
469,303.622380341651,280
470,300.56321300344285,280
471,300.8336452687286,280
472,299.8151014553476,280
473,301.5450808608455,280
474,300.57922943180046,280
475,300.4720969394412,280
476,300.3866744287936,280
477,303.57402103463755,280
478,302.2129528208304,280
479,300.42024711652505,280
480,300.8780593198651,280
481,296.17017504592985,280
482,298.1668888846334,280
483,299.60467655966386,280
484,297.85503000665307,280
485,301.95466349536196,280
486,304.89151937490556,280
487,300.6872687743743,280
488,299.4011810636602,280
489,296.97322314854097,280
0,290.96266681894036,300
1,286.053221577159,300
2,289.5468321805691,300
3,292.09625254230167,300
4,289.39548767633863,300
5,288.52914254168854,300
6,286.8923993159116,300
7,289.2029777881608,300
8,286.73309376922697,300
9,288.1555140960169,300
10,287.55297432937175,300
11,287.0774814951549,300
12,286.967473569626,300
13,287.16715144343334,300
14,287.36314151821546,300
15,287.61453888729875,300
16,289.0169451371649,300
17,289.13783988871086,300
18,290.21571131192263,300
19,293.33490620584877,300
20,293.1469699911296,300
21,293.10157761975097,300
22,292.9276798048752,300
23,292.89718321501596,300
24,292.91451467894734,300
25,292.94201823841144,300
26,293.78037792968024,300
27,293.3396307690233,300
28,293.26014851940295,300
29,293.2868809290443,300
30,293.3179022717373,300
31,293.283746530768,300
32,293.3136207409015,300
33,293.3254485560644,300
34,293.3268668598922,300
35,293.33372149170015,300
36,293.3459325894098,300
37,293.35574185918733,300
38,293.35270684869204,300
39,293.3536621675879,300
40,293.3461843976242,300
41,293.330229778288,300
42,293.2951042912314,300
43,293.23885834990756,300
44,293.2648615215164,300
45,293.2186564299143,300
46,293.2011157585701,300
47,293.1936221782338,300
48,293.2316929819364,300
49,293.23090798492916,300
50,293.2101904031958,300
51,293.20247988062107,300
52,293.2146584841623,300
53,293.1831329607038,300
54,292.56841284345705,300
55,292.7430414633702,300
56,292.9505592614547,300
57,292.998504596774,300
58,292.930395931235,300
59,292.9087553677328,300
60,292.9275255126374,300
61,292.91153850059624,300
62,292.9178758743508,300
63,292.93133455884373,300
64,292.91727469216823,300
65,292.90608695167913,300
66,292.9075280777403,300
67,292.9060479576636,300
68,292.9164188671383,300
69,292.9163368996763,300
70,292.9613683629984,300
71,292.9640084799894,300
72,292.9586898423761,300
73,292.9513442207544,300
74,292.9525982433677,300
75,292.9995939943045,300
76,293.00115468887117,300
77,293.03812760395635,300
78,292.90270056422145,300
79,292.89725154436684,300
80,292.88179984060537,300
81,292.82619001024415,300
82,292.8850480400477,300
83,292.861427772086,300
84,292.8867555954711,300
85,292.8831668800222,300
86,292.888368483631,300
87,292.88615400443416,300
88,292.9046889124799,300
89,292.88187024843626,300
90,292.8810703293611,300
91,292.9111295000693,300
92,292.89279055398197,300
93,292.8878552519517,300
94,292.9083568238969,300
95,292.8839590726039,300
96,292.5134674490037,300
97,291.86935713041925,300
98,290.28059987788265,300
99,288.99240880859264,300
100,289.19330530589514,300
101,289.0888113702523,300
102,288.8948476877539,300
103,289.8665977599583,300
104,292.5593431203264,300
105,291.66884027549696,300
106,288.50472343007675,300
107,286.12548862294125,300
108,285.67240197604406,300
109,285.5888445695487,300
110,288.2480265440283,300
111,318.65926306849417,300
112,325.0891158655319,300
113,324.145876066093,300
114,317.28978996832853,300
115,315.1101709470389,300
116,319.3573625693346,300
117,315.58535475002594,300
118,317.9444835586056,300
119,310.17184296501955,300
120,325.28809229620754,300
121,297.8889178715718,300
122,297.96470880369367,300
123,305.39239841863093,300
124,308.5359062487525,300
125,312.80820882822104,300
126,306.23947706845627,300
127,300.0220044044201,300
128,292.97594941797524,300
129,287.05477182980144,300
130,290.0435921695639,300
131,284.3378308379815,300
132,298.6397166490486,300
133,295.4875374200046,300
134,306.5794907394675,300
135,303.58520173715107,300
136,314.0256728335002,300
137,305.2918899771835,300
138,304.28440555589646,300
139,302.27750665229223,300
140,318.2973156029394,300
141,310.92029357380727,300
142,318.343867942303,300
143,299.5321083254407,300
144,297.36342076029473,300
145,297.4625372327763,300
146,316.8093106801676,300
147,312.87501724677844,300
148,309.406343734972,300
149,301.0414427867888,300
150,294.02331587508604,300
151,301.3190897847463,300
152,309.725534540535,300
153,309.850846074844,300
154,308.57750606782633,300
155,296.24834572584973,300
156,299.17261787353215,300
157,306.6647422091866,300
158,294.6798118541046,300
159,290.99978053625364,300
160,280.86273114031485,300
161,292.25024355520424,300
162,298.8532522658255,300
163,293.93394398362346,300
164,297.56256087958496,300
165,310.6996697621773,300
166,298.8631919603555,300
167,304.38750161674545,300
168,305.767879126861,300
169,306.5178510569406,300
170,304.7153167274855,300
171,305.5621366701233,300
172,301.0729529624663,300
173,293.3852835650357,300
174,299.49030007702464,300
175,299.56080909832684,300
176,299.52180858862147,300
177,299.4931334782011,300
178,296.51982265631017,300
179,298.96594891709293,300
180,309.63200293486204,300
181,303.9629690395396,300
182,296.36502745844564,300
183,303.61761542384875,300
184,316.3847812841703,300
185,319.32573109989625,300
186,313.8483874284226,300
187,310.0620807989997,300
188,307.3757323641113,300
189,308.71527857198487,300
190,313.2097110832774,300
191,310.8414402380796,300
192,310.3395965918291,300
193,302.13378182879075,300
194,296.42023733160653,300
195,302.6768859299665,300
196,303.25378060516164,300
197,295.9673767149847,300
198,297.1484881333252,300
199,303.6374164406557,300
200,308.41268967434377,300
201,303.38827374616284,300
202,301.8879393392269,300
203,297.2643403829982,300
204,319.65108002232495,300
205,312.7392000904446,300
206,306.0571918501338,300
207,299.2408266165482,300
208,308.480106563119,300
209,317.68449817390416,300
210,307.64578203909684,300
211,310.11404131068446,300
212,304.2658919577734,300
213,301.1612086276343,300
214,297.6082889636527,300
215,298.21600226785034,300
216,305.7359357869646,300
217,305.06099984631953,300
218,299.2323026924537,300
219,298.2997350000627,300
220,306.43628294449906,300
221,297.882626107632,300
222,308.17795208068844,300
223,309.8786906554356,300
224,295.12636629401396,300
225,308.40794470468614,300
226,316.03670607490966,300
227,298.2907440044629,300
228,297.8905500415404,300
229,299.7434360795554,300
230,299.7935031103587,300
231,296.44583506543535,300
232,307.5268521491892,300
233,301.84848820894393,300
234,300.06101153359856,300
235,302.0041197954197,300
236,295.4691809220676,300
237,297.60909583065614,300
238,303.8168951854862,300
239,300.6730804663043,300
240,318.00955791854375,300
241,299.41701618570227,300
242,291.2388639894764,300
243,297.0663974036571,300
244,303.0281962369618,300
245,305.07439110377294,300
246,309.7481230781696,300
247,309.5151478559003,300
248,312.68694686967075,300
249,311.5491604200505,300
250,307.89359849116266,300
251,298.0914500233456,300
252,310.415969685737,300
253,305.58817588369567,300
254,318.98525520400847,300
255,306.68267989601094,300
256,305.3909368140369,300
257,296.9955877542879,300
258,296.0188634598869,300
259,293.9322721959227,300
260,297.569939330398,300
261,296.3431840502908,300
262,304.25365812334314,300
263,310.4659804304825,300
264,303.39734683388474,300
265,305.8289440845496,300
266,307.37123430314256,300
267,306.6340700858857,300
268,313.38221806755297,300
269,313.3765822792172,300
270,305.87910956303415,300
271,309.4694565980834,300
272,315.74404636772886,300
273,310.3454290186914,300
274,307.2279664345607,300
275,305.2061650232287,300
276,312.8177077442672,300
277,314.85228208168354,300
278,314.77047445073885,300
279,312.86500165637034,300
280,315.61251574682603,300
281,322.8569917392115,300
282,319.2075305501258,300
283,311.1588260642593,300
284,309.2181374724942,300
285,317.8340857268367,300
286,320.3645938385281,300
287,319.58976575131334,300
288,306.1217483013997,300
289,305.78152021945334,300
290,305.37821187847265,300
291,311.1646233188393,300
292,315.5348694475548,300
293,312.99281604122496,300
294,319.2005162507405,300
295,308.40704507908305,300
296,301.41621183735344,300
297,318.1438271944891,300
298,311.0681137074694,300
299,310.4292903467878,300
300,318.75899037829674,300
301,316.37984566850247,300
302,316.9418995439684,300
303,311.9569358729864,300
304,316.1989943311905,300
305,326.1591401283106,300
306,318.4249573345919,300
307,313.4604728683164,300
308,312.3798901434348,300
309,309.66729477142997,300
310,302.22314231407296,300
311,311.1215895600049,300
312,314.87546996604146,300
313,318.98034344952305,300
314,318.5008558101274,300
315,318.7913783175145,300
316,309.3796920590501,300
317,320.2083668946049,300
318,323.0755727004804,300
319,319.53760246344683,300
320,316.3797705827177,300
321,321.92269905638096,300
322,319.20750848410967,300
323,316.20494807590256,300
324,321.7878851336647,300
325,326.22810077358275,300
326,314.26605212176656,300
327,305.88051181592243,300
328,316.7351147387774,300
329,329.1864898576034,300
330,321.3067235479969,300
331,317.0420917825136,300
332,312.6589164703906,300
333,315.8833072807812,300
334,313.336046042479,300
335,316.31165889874893,300
336,314.6205070789447,300
337,321.05216648905844,300
338,323.6832144520841,300
339,319.9184098668745,300
340,323.7201231489573,300
341,315.9258660359158,300
342,318.8236455935965,300
343,309.5348236905208,300
344,316.4222899408167,300
345,306.97933080112733,300
346,316.87786696388787,300
347,321.5183538488061,300
348,315.97400804669286,300
349,320.5060428408677,300
350,313.9775064525612,300
351,326.8400348451782,300
352,311.1123365627384,300
353,318.2765407137818,300
354,318.3472145434359,300
355,309.9765561868527,300
356,312.369495095318,300
357,319.67112238046656,300
358,325.3878113981857,300
359,326.67347846753097,300
360,321.9286493068791,300
361,326.3845665151034,300
362,318.9653824702763,300
363,318.52047368800834,300
364,321.83971087354087,300
365,328.6893332130849,300
366,324.69295981025203,300
367,320.434774843778,300
368,326.2033095612595,300
369,327.3414043780918,300
370,317.8960566401527,300
371,320.84576071032654,300
372,321.0844977117495,300
373,319.0753526416584,300
374,316.43884659647483,300
375,325.3964158275885,300
376,322.2298938664383,300
377,320.3332526933361,300
378,318.7051277240195,300
379,325.3534879380599,300
380,330.5841924304509,300
381,324.02229946860143,300
382,326.02004017030106,300
383,325.49164094393655,300
384,324.02696836663023,300
385,325.3438574251912,300
386,309.79471672396005,300
387,322.4074931707166,300
388,325.3909623364631,300
389,321.10487377323216,300
390,325.36511373748317,300
391,330.32398811524024,300
392,328.7761109206458,300
393,331.43766177797124,300
394,321.22556205020396,300
395,324.45028765845785,300
396,321.16548684410475,300
397,326.7539887917433,300
398,324.4335146945373,300
399,326.27799543332975,300
400,323.9129682666142,300
401,316.36335779418124,300
402,318.3932372751262,300
403,325.57074543093364,300
404,328.57384431478465,300
405,329.9864804465078,300
406,325.0760989550013,300
407,323.6495286048686,300
408,325.36395147754746,300
409,328.79964318533973,300
410,331.9674395043606,300
411,328.5382526682377,300
412,327.4551011912176,300
413,329.58798327880885,300
414,326.83257383144286,300
415,325.47429701612805,300
416,328.79702011045055,300
417,323.9716536873508,300
418,330.7389863710166,300
419,323.2933321733911,300
420,328.69097765000913,300
421,332.2253510005066,300
422,330.71417576520355,300
423,331.9690216084693,300
424,326.9598857918311,300
425,317.50676791202443,300
426,319.12129856877607,300
427,325.1291317691291,300
428,324.59441545725895,300
429,327.58858479186677,300
430,331.7706274463357,300
431,328.34749057687264,300
432,327.7375165229442,300
433,332.53424966864446,300
434,332.3468868179898,300
435,316.88808535021025,300
436,319.557263302157,300
437,309.07896188472944,300
438,318.64620684867555,300
439,321.9345848193837,300
440,340.65442438433706,300
441,330.13504426934304,300
442,326.5521028041771,300
443,323.66908433373527,300
444,328.19923994855264,300
445,324.40033677402886,300
446,327.3422228897728,300
447,313.3985358285565,300
448,327.4046542763924,300
449,323.2959964987033,300
450,321.5595108061876,300
451,327.140458059,300
452,304.97657912400456,300
453,305.6774208373499,300
454,318.2554740935833,300
455,329.13198718852624,300
456,326.6329010034684,300
457,333.0616087609563,300
458,324.17265406992607,300
459,312.20087483836375,300
460,316.11224864126206,300
461,324.8208331956174,300
462,317.21067095572124,300
463,336.56375546886574,300
464,330.7305719618312,300
465,327.35533575020924,300
466,325.56057556639774,300
467,316.1624820186358,300
468,312.26593180622797,300
469,308.7843229997859,300
470,312.11084901727355,300
471,308.8428266179032,300
472,315.43595944878774,300
473,311.41775838093827,300
474,306.4033278084894,300
475,319.38844724947063,300
476,308.02754473835626,300
477,316.83760435419714,300
478,314.3858121777932,300
479,317.759119371153,300
480,325.56036230705246,300
481,312.7560595118592,300
482,318.97382935647227,300
483,325.4792587356914,300
484,316.9258439311065,300
485,320.0371784964985,300
486,313.9057497969059,300
487,312.0624224926126,300
488,320.6892905901911,300
489,314.62601455354576,300
0,311.56114008455484,310
1,311.5904908615169,310
2,314.94266356351187,310
3,343.3758335659864,310
4,343.8515107059402,310
5,343.85663629810296,310
6,343.90666333886253,310
7,343.93001415108955,310
8,343.9266523766251,310
9,343.90791043162363,310
10,343.8921224312128,310
11,343.91523980626346,310
12,343.9147132399612,310
13,343.77691595622025,310
14,331.9728552332646,310
15,320.0955513995054,310
16,320.4444007620408,310
17,320.5004204627156,310
18,320.5054630440799,310
19,335.222160176909,310
20,343.7530123861551,310
21,344.5092939769195,310
22,344.3191900675767,310
23,344.0966925947272,310
24,343.85968090947256,310
25,335.7459685460767,310
26,316.36390132456387,310
27,313.36869383265906,310
28,313.36518127582934,310
29,313.36234207975036,310
30,313.3801373706921,310
31,313.37647399721646,310
32,313.38975737155414,310
33,313.38060958861485,310
34,313.36930473628615,310
35,313.379466137965,310
36,313.3726741626799,310
37,313.3823835241471,310
38,313.58689297803426,310
39,314.03784493689943,310
40,313.97064512613605,310
41,313.96522218198896,310
42,313.9555206697455,310
43,313.8371758372321,310
44,313.83063357248074,310
45,313.8386266499005,310
46,313.83190386375776,310
47,313.9744968748862,310
48,313.76141554619085,310
49,313.6442402547943,310
50,313.40647121776084,310
51,313.3213218086934,310
52,313.4476146993566,310
53,313.4896160078439,310
54,313.5721125238802,310
55,313.5618008373537,310
56,313.5395005031882,310
57,313.53308039515707,310
58,313.552761418383,310
59,313.5520081258066,310
60,313.54283822204786,310
61,313.5344926590673,310
62,313.52732578076694,310
63,313.5289892992462,310
64,313.5141398023225,310
65,313.50440252514136,310
66,313.52123783020687,310
67,313.5721472178096,310
68,313.64097619376025,310
69,313.6586219441617,310
70,313.68170293972037,310
71,313.6856380239405,310
72,313.69109129826467,310
73,313.69289266243015,310
74,313.6797696844888,310
75,313.6739127678089,310
76,313.6824701445373,310
77,313.6696850831682,310
78,313.6715929765241,310
79,313.6786174977387,310
80,313.7099751696752,310
81,313.7159433997915,310
82,313.6913208804129,310
83,313.67767510237263,310
84,313.67963670956345,310
85,313.6886759375786,310
86,313.6924052398545,310
87,313.69658687279116,310
88,313.70166861996023,310
89,313.67739358028655,310
90,313.677962865331,310
91,313.68320457643335,310
92,313.68251234799897,310
93,313.70133121640714,310
94,313.68089150752513,310
95,313.6792909496062,310
96,313.6901433525787,310
97,313.68864951291175,310
98,313.6938594371785,310
99,313.6752388156965,310
100,313.69421992261346,310
101,313.68549801077154,310
102,313.6800134561995,310
103,313.67410700271876,310
104,313.68764437184194,310
105,313.71510010889233,310
106,321.8131370570573,310
107,329.42712092200804,310
108,337.98378208400993,310
109,9.360906440953713,310
110,17.120203557471257,310
111,22.12751639293932,310
112,22.369422451548672,310
113,22.584563824680494,310
114,22.582143955687297,310
115,22.591051605249486,310
116,22.572324037755457,310
117,22.54992222701017,310
118,22.570151892790282,310
119,22.58075709519957,310
120,22.5859164224403,310
121,22.706714758921105,310
122,23.253836836864924,310
123,23.490786004177096,310
124,23.465854440422127,310
125,23.469982017660517,310
126,23.449968919414577,310
127,23.45997546327081,310
128,23.479991087538313,310
129,23.4745124474057,310
130,23.50303929242315,310
131,23.66539105887146,310
132,23.92737725881053,310
133,24.282716659213317,310
134,26.250033727207864,310
135,26.253371785512112,310
136,26.321829645905424,310
137,27.642984077817736,310
138,28.640072618775324,310
139,28.643358965322623,310
140,28.714885595706463,310
141,28.768371969761308,310
142,28.881365771299016,310
143,29.05362831880268,310
144,29.25340026997742,310
145,29.450855858075116,310
146,29.547908945486512,310
147,29.532286089360582,310
148,29.510995966619,310
149,29.5033294637211,310
150,29.50667066831054,310
151,29.516676824537893,310
152,29.516675346426705,310
153,29.559077960703238,310
154,29.65902814493984,310
155,29.385364989227405,310
156,29.57433170502466,310
157,29.522368715894125,310
158,29.594167663091955,310
159,29.686659164477145,310
160,29.544055453843264,310
161,29.529079395253813,310
162,29.710009728962987,310
163,29.820473034474105,310
164,30.079986363421465,310
165,30.06330950178082,310
166,30.051718907199575,310
167,30.090055061076463,310
168,30.03815053076357,310
169,30.101404404038046,310
170,30.118574676172575,310
171,30.101723580876797,310
172,30.09495244256293,310
173,30.103329888708878,310
174,30.09667052891374,310
175,30.083351089949456,310
176,30.099999893506872,310
177,30.076691381915584,310
178,30.08668099758099,310
179,30.09667053675794,310
180,30.08999450840715,310
181,30.074320448452255,310
182,30.029963911379998,310
183,30.01456507867784,310
184,30.025514028909647,310
185,30.020043519296234,310
186,30.036659128602057,310
187,30.030018960993143,310
188,30.03668926559401,310
189,30.02001233463383,310
190,30.015124048513478,310
191,29.994878733611426,310
192,29.958313328506822,310
193,29.910007582772124,310
194,29.80174141574858,310
195,29.75997336784021,310
196,29.773316953413357,310
197,29.77527922043332,310
198,29.730032664910016,310
199,29.74873789269673,310
200,29.724594264152724,310
201,29.73475098761866,310
202,29.736731126881846,310
203,29.728416665091792,310
204,29.723310842370857,310
205,29.739965110274202,310
206,29.715266523903114,310
207,28.290026855337928,310
208,22.12741080302793,310
209,21.97544265251069,310
210,21.970041393074272,310
211,21.937935366520044,310
212,21.52121937685571,310
213,21.546709655821203,310
214,21.53865075628471,310
215,21.548047743842552,310
216,21.540033033121876,310
217,21.58517904836935,310
218,21.95905432780017,310
219,22.386741375287134,310
220,22.503333165634686,310
221,22.65217633205936,310
222,23.14088370444712,310
223,23.5692931403092,310
224,23.64429667652947,310
225,23.798888410543416,310
226,23.803267770295303,310
227,23.816757044422936,310
228,23.862446959609127,310
229,23.9128814871862,310
230,24.00635539600414,310
231,24.03522780655438,310
232,25.00764189000101,310
233,28.483371116218922,310
234,28.991672346465787,310
235,29.801538352319184,310
236,30.750037522895866,310
237,33.49332791766377,310
238,33.778758480255064,310
239,34.4286457471214,310
240,34.698753712411204,310
241,34.89279190589933,310
242,35.03193880546768,310
243,35.21860679554123,310
244,35.490756546778066,310
245,35.888772809233735,310
246,35.68648413839633,310
247,35.78835343076366,310
248,35.82001179945883,310
249,36.02649243086409,310
250,36.340578665011954,310
251,38.21956893339547,310
252,36.405937522266036,310
253,33.34008601459422,310
254,33.418663316940886,310
255,33.81110129224148,310
256,34.62438054467321,310
257,36.68371125508923,310
258,37.88502913859627,310
259,37.77288970221085,310
260,36.84326585777155,310
261,36.74351344959259,310
262,36.87575795492806,310
263,36.97366348094003,310
264,36.84403836473571,310
265,36.71447158952288,310
266,36.54780256468461,310
267,36.65002237604216,310
268,36.64204920782945,310
269,36.780024836276546,310
270,36.78192547253371,310
271,36.76148315618873,310
272,36.775144406833675,310
273,36.77331647499484,310
274,36.753305222526926,310
275,36.78666145432476,310
276,36.796664590719125,310
277,36.831880844970165,310
278,36.78813093109449,310
279,36.78999283114449,310
280,36.82330766837618,310
281,36.81842247717607,310
282,36.774922453001544,310
283,36.698343166106355,310
284,36.703330559135296,310
285,36.70333055662163,310
286,36.67794445567434,310
287,36.63995431620233,310
288,36.61664824541265,310
289,36.62330864332618,310
290,36.613409946565184,310
291,36.613225229926435,310
292,36.60338593604814,310
293,36.62546278459908,310
294,36.61662294457718,310
295,36.62996458741586,310
296,36.60995021451075,310
297,36.584702147099215,310
298,36.427689921603324,310
299,36.2297192464005,310
300,36.09332495566683,310
301,36.07999312934169,310
302,36.08505328515564,310
303,36.02334778739742,310
304,36.02000714650242,310
305,35.921866910665464,310
306,35.88999520947585,310
307,35.83530782306544,310
308,35.85462569162884,310
309,35.87543984693692,310
310,35.86125029441485,310
311,35.84672244344435,310
312,35.84855143439305,310
313,35.823313119518694,310
314,35.85830780839556,310
315,35.863372463470036,310
316,35.848142925296614,310
317,35.855264921391296,310
318,35.870055801876454,310
319,35.95221812027017,310
320,36.17656729119024,310
321,36.30333524207565,310
322,36.29000386395771,310
323,36.368661771669466,310
324,36.40193820554312,310
325,36.41957602047168,310
326,36.405193665117025,310
327,36.405076230772664,310
328,36.761887171493846,310
329,36.85667637437295,310
330,36.793340856854414,310
331,36.88174283830665,310
332,36.900000686476595,310
333,36.89667160305255,310
334,36.89334166190941,310
335,36.89114667461669,310
336,36.89227079267977,310
337,36.896601012932884,310
338,36.893341501782935,310
339,36.67556763585585,310
340,36.58999253820124,310
341,36.5474216787328,310
342,36.535839543468,310
343,36.56664521996218,310
344,36.596662680243995,310
345,36.59332789125733,310
346,36.5866603969844,310
347,36.58113909925623,310
348,36.56673481149299,310
349,36.517946844558246,310
350,36.4986991368226,310
351,36.499479752794066,310
352,36.47675585600939,310
353,36.31334129773415,310
354,36.17642482838813,310
355,36.103332922280416,310
356,36.09999841148543,310
357,36.09666318952143,310
358,36.096663160584754,310
359,35.62185972587137,310
360,34.71263602234763,310
361,34.50843508946727,310
362,34.35661880978699,310
363,34.29999923706055,310
364,34.293339561939575,310
365,34.305382440599146,310
366,34.30127637797095,310
367,34.304429747751364,310
368,34.30222837284365,310
369,34.29666971789929,310
370,34.289993183015106,310
371,34.29896796238877,310
372,34.30436628549591,310
373,34.30112870792852,310
374,34.30220537759994,310
375,34.30333476190541,310
376,34.30334178823377,310
377,34.30133784609733,310
378,34.29866073460874,310
379,34.299999355120704,310
380,34.301827702760995,310
381,34.296607547685134,310
382,34.304893447307904,310
383,34.3000350977873,310
384,34.26327483111716,310
385,34.27512091711813,310
386,34.294859051392606,310
387,34.29332873168191,310
388,34.28665773771353,310
389,34.293328649562646,310
390,34.29335178586973,310
391,34.296658021953455,310
392,34.29999751222166,310
393,34.313318418305876,310
394,34.64077720713509,310
395,35.06338325609509,310
396,35.183251682385375,310
397,35.37187769645774,310
398,34.684928849427784,310
399,34.924859715242086,310
400,35.270658355767395,310
401,35.21707358723142,310
402,35.55335453289701,310
403,35.526647411059464,310
404,35.5300373589776,310
405,35.59867443141638,310
406,35.566645311424836,310
407,35.3643260580301,310
408,35.371825730446346,310
409,35.3933306493394,310
410,35.400001525878906,310
411,35.39001172626087,310
412,35.38668357924686,310
413,35.381247347591334,310
414,35.38878975666406,310
415,35.37669210359022,310
416,35.37433117412319,310
417,35.336535303501684,310
418,35.3207923673957,310
419,35.32268108871378,310
420,35.32316329402386,310
421,35.32668283884769,310
422,35.335820627037485,310
423,35.35008487467461,310
424,35.356544161712755,310
425,35.34773970181928,310
426,35.372308254498364,310
427,35.34550773363616,310
428,35.24435144141087,310
429,35.03109015133852,310
430,34.95334058356002,310
431,34.97996153735827,310
432,35.000020016962786,310
433,34.99666469332835,310
434,35.21425073108683,310
435,35.55215868546697,310
436,35.71015038788734,310
437,35.945059458556045,310
438,35.950238692766895,310
439,35.556542790034435,310
440,35.51842263834599,310
441,35.49510452304202,310
442,35.58668258306432,310
443,36.174593550443284,310
444,36.14383206541428,310
445,36.29702956184621,310
446,41.912081698264494,310
447,46.59982046204051,310
448,46.88676273597582,310
449,46.83758988473347,310
450,46.872687596203406,310
451,47.08000185728636,310
452,46.93000543292793,310
453,46.92764088390797,310
454,46.90562979936465,310
455,45.604382974037065,310
456,38.45762585121384,310
457,38.39120880614921,310
458,38.082833842572626,310
459,36.44126183973109,310
460,36.373317764289844,310
461,36.30473127331647,310
462,36.28332255146584,310
463,36.144814668768205,310
464,36.0998834112712,310
465,36.01334105119273,310
466,35.98665875673688,310
467,34.77646304301747,310
468,31.516300534699813,310
469,31.784805078419062,310
470,31.778084997051828,310
471,31.693444541748487,310
472,31.270162606777923,310
473,30.613243386391538,310
474,30.654230850217793,310
475,30.49512071263179,310
476,30.37580689564141,310
477,29.455668641443456,310
478,22.508368208545544,310
479,22.030058454733982,310
480,22.054303842579603,310
481,21.614826852604835,310
482,21.13973809205178,310
483,21.100000372564576,310
484,21.25650177846405,310
485,21.502135816667575,310
486,21.387201700192016,310
487,21.221972685755464,310
488,21.178048152697404,310
489,21.20516885114639,310
0,280.5163363852878,320
1,284.2041726756589,320
2,287.887364181297,320
3,287.8852128588536,320
4,287.88746368910313,320
5,287.87664938553354,320
6,287.94509203577104,320
7,288.2506193276456,320
8,288.1549715293599,320
9,288.64027924676066,320
10,290.0375929619876,320
11,289.9715627529442,320
12,300.6291073685118,320
13,309.02045899669815,320
14,301.0533073493079,320
15,295.3267449767105,320
16,295.32918074636126,320
17,295.3431096614052,320
18,296.7538089578884,320
19,301.63281491753384,320
20,315.67486285244064,320
21,315.5621505034083,320
22,315.95194788369446,320
23,316.23848827207576,320
24,315.45963762197556,320
25,315.44514991522544,320
26,315.3870210919678,320
27,312.6191197859844,320
28,308.5525930376208,320
29,308.456846786955,320
30,308.42270047561647,320
31,308.397161608359,320
32,309.25460697411336,320
33,316.99577725089557,320
34,327.1040548842394,320
35,327.42805505651785,320
36,327.4473089870289,320
37,323.72023972554217,320
38,315.56001283902015,320
39,315.7578370077165,320
40,322.6330653335779,320
41,323.7499654494886,320
42,321.1621228415305,320
43,321.88067028156803,320
44,326.05677600356086,320
45,321.16944679364815,320
46,306.1078373327162,320
47,300.5008441032734,320
48,305.05225799986624,320
49,298.25796344821435,320
50,283.6308455914863,320
51,291.70777074569406,320
52,309.0173415471434,320
53,310.2169886182176,320
54,288.8436626745591,320
55,306.1054949327476,320
56,295.65243290354925,320
57,302.15275757404794,320
58,311.8724454492768,320
59,304.04170326261675,320
60,292.624007405268,320
61,275.0153413736756,320
62,268.48306353171404,320
63,267.7826667343749,320
64,268.0806271005025,320
65,268.1346229160754,320
66,273.9913162791768,320
67,274.74615992729764,320
68,272.00154916969245,320
69,281.754281505031,320
70,282.91042276116445,320
71,282.87774096961266,320
72,282.4193333700647,320
73,280.839061949603,320
74,281.498786890142,320
75,283.0718101155929,320
76,288.45338773867485,320
77,297.57591377037335,320
78,299.2823337483021,320
79,296.5441012482807,320
80,300.57284530518075,320
81,301.84104759420615,320
82,312.4595198709013,320
83,310.09695821783873,320
84,310.0790125204945,320
85,329.6834156237048,320
86,337.9304540827995,320
87,331.82724242234644,320
88,331.2022288076919,320
89,310.7858478576851,320
90,316.0501439010092,320
91,311.77483384388285,320
92,328.16372533957826,320
93,316.0834752940342,320
94,304.4634861887204,320
95,306.7959782026435,320
96,298.7719188519126,320
97,290.4555775454163,320
98,295.5192477801913,320
99,299.35650832232693,320
100,292.80866991839923,320
101,292.5964253935249,320
102,312.05373998191624,320
103,293.5692844770819,320
104,285.5136699687552,320
105,295.4739658202099,320
106,302.29935564919697,320
107,307.6722611862077,320
108,295.5556078491481,320
109,313.2970161073107,320
110,297.4137991779838,320
111,300.19120976905793,320
112,301.21064449853117,320
113,282.1753473843819,320
114,306.9950446255534,320
115,308.72580250972624,320
116,298.8448010074702,320
117,295.34458144045124,320
118,303.12275267085926,320
119,295.78244257868926,320
120,297.1852638354626,320
121,289.6636907121827,320
122,293.5498207770209,320
123,308.7000561412369,320
124,299.1784863183527,320
125,299.6344731672985,320
126,301.6640459667692,320
127,307.81355631980733,320
128,298.8508756946155,320
129,319.7789044225173,320
130,302.54485467840027,320
131,301.39063588884517,320
132,307.80304615206444,320
133,298.6139633691529,320
134,303.32666777400584,320
135,309.6773170023759,320
136,315.23222696255084,320
137,318.8513931347798,320
138,303.3726686158713,320
139,299.56276317220164,320
140,305.70087526501027,320
141,318.4747406447583,320
142,312.8655538112395,320
143,297.8047792563056,320
144,297.36238833000493,320
145,305.4862821181661,320
146,301.80399962232025,320
147,308.72977087761217,320
148,302.98416453664527,320
149,312.9210998533659,320
150,307.3559290389964,320
151,304.39651940117926,320
152,296.1592474813975,320
153,302.1068808799995,320
154,312.36184851019885,320
155,302.22141695622656,320
156,312.6480228948935,320
157,310.0140116387794,320
158,306.9459109866391,320
159,301.54466927725343,320
160,299.51195076435323,320
161,305.5874217314927,320
162,300.93322923988825,320
163,310.0283244472392,320
164,299.5893773344443,320
165,298.0618513027989,320
166,297.08165338545166,320
167,298.74857465967887,320
168,302.50221404051933,320
169,297.3938871347131,320
170,299.6174582996295,320
171,300.5154495268,320
172,305.94649314863415,320
173,299.9100480825353,320
174,302.6603688361842,320
175,293.23790437974174,320
176,301.9947585539024,320
177,297.29688590415736,320
178,307.80210747716046,320
179,296.2966826505899,320
180,305.3262873652799,320
181,310.01270761427526,320
182,303.6420023852356,320
183,302.21810784417346,320
184,303.04915158398904,320
185,294.3350470541003,320
186,295.5199823728536,320
187,298.55183867144086,320
188,295.83495643648286,320
189,302.64471838335373,320
190,309.73295307745724,320
191,302.3910293098995,320
192,299.5728090533745,320
193,310.12418871853845,320
194,303.54657634614784,320
195,307.91526137141756,320
196,310.8248256757,320
197,308.47365212611277,320
198,308.65619464092396,320
199,301.4468135188635,320
200,308.52591374424475,320
201,302.7983456248839,320
202,306.2549297271983,320
203,299.73900115092664,320
204,305.0024384488198,320
205,298.1673021134572,320
206,312.0592485196956,320
207,309.6243402971307,320
208,304.6674128469495,320
209,301.1492783948854,320
210,302.8777059407285,320
211,305.03934836739006,320
212,304.1119315946024,320
213,303.59850229182234,320
214,310.011333689768,320
215,300.4863856800768,320
216,297.6881188773589,320
217,301.7432852418535,320
218,302.7004138453764,320
219,299.60444814838104,320
220,299.4449501546733,320
221,295.6564849927608,320
222,301.1767936798981,320
223,302.2632015192594,320
224,309.0173253845407,320
225,306.6218183450452,320
226,304.3660367592944,320
227,294.7444571634882,320
228,296.15853826822575,320
229,295.7819682060471,320
230,302.82279004941154,320
231,301.9081395124507,320
232,300.4344240424226,320
233,306.6387561236256,320
234,300.2473050016848,320
235,299.0570705662368,320
236,306.604811280367,320
237,300.1226001412263,320
238,302.3250949293288,320
239,310.02491279701366,320
240,299.96375320199945,320
241,307.34635562753374,320
242,310.5657228762193,320
243,306.68091299437043,320
244,304.3854055228732,320
245,297.48664819175195,320
246,291.758362551856,320
247,301.33732998229465,320
248,298.54003265458323,320
249,296.98311154254696,320
250,293.00986253765774,320
251,296.973548408139,320
252,295.39753720490864,320
253,291.9380735215856,320
254,308.16576388842293,320
255,309.1130459430156,320
256,299.6898513717707,320
257,300.61565735529297,320
258,295.55707141313025,320
259,298.3305061690223,320
260,301.35746244399206,320
261,305.0097904973298,320
262,295.6238782134288,320
263,299.4713064698446,320
264,296.49548954760667,320
265,297.66651012018195,320
266,295.0500381395614,320
267,298.27710713068984,320
268,295.21403635717894,320
269,299.48795536928924,320
270,298.07575997159205,320
271,301.7094553113585,320
272,293.11607732925586,320
273,300.0516766483672,320
274,297.54672425826595,320
275,296.4110463623642,320
276,299.2517812000615,320
277,296.38184467591606,320
278,304.5350078325014,320
279,293.6583243210947,320
280,300.7394590798551,320
281,301.13158627705275,320
282,300.88184811302244,320
283,300.6524466365985,320
284,297.17506583324007,320
285,296.6561820375949,320
286,298.1689806251163,320
287,297.6816096083656,320
288,304.93653906453403,320
289,288.7758796832879,320
290,296.21566728517894,320
291,299.01520280138425,320
292,296.51556000629375,320
293,299.54090089928746,320
294,296.5714029306398,320
295,299.48866980232293,320
296,301.0916362303393,320
297,295.5856930549332,320
298,297.68914017503704,320
299,299.4573411803059,320
300,295.2142210576144,320
301,297.2115572960166,320
302,286.8737062310521,320
303,291.04221206081047,320
304,296.5719652619131,320
305,296.98911897427735,320
306,296.18087711800916,320
307,289.46354157893086,320
308,286.73310067901264,320
309,290.1610322693421,320
310,302.9136333517653,320
311,305.0230088090166,320
312,299.0680162168378,320
313,295.85329317267855,320
314,300.03203602662467,320
315,301.40107792692777,320
316,296.7917363564209,320
317,300.79212664143427,320
318,298.7921706928058,320
319,300.3029041906947,320
320,299.11922165487914,320
321,292.41917614928803,320
322,299.9469556765048,320
323,295.87508504624674,320
324,302.8164697070128,320
325,293.56711785905713,320
326,300.3174052854792,320
327,293.46939774737075,320
328,301.64438401481596,320
329,300.20433552307946,320
330,299.44390448071476,320
331,297.22821302722934,320
332,298.6263222430136,320
333,298.52938542448237,320
334,297.53757289731203,320
335,297.7029059481108,320
336,300.41642757861473,320
337,294.8010142075258,320
338,292.96102483332345,320
339,299.1098014242683,320
340,294.9954460877627,320
341,297.0216345454582,320
342,296.3100348666637,320
343,294.2343273950737,320
344,292.83108996268504,320
345,302.15633651454374,320
346,294.6665951363185,320
347,296.98987610616246,320
348,298.65693234872634,320
349,298.63323409810334,320
350,295.7634419031538,320
351,300.30286590574593,320
352,302.5321076181792,320
353,309.8905805309803,320
354,299.7107304277201,320
355,304.92287281665386,320
356,296.61553046223963,320
357,312.7471699664737,320
358,298.94996872806973,320
359,300.7521846271947,320
360,305.378107905443,320
361,296.5891211858538,320
362,297.4973097190621,320
363,307.08138902476793,320
364,302.0255799423543,320
365,306.70127197031303,320
366,293.0928876486426,320
367,296.31738554969877,320
368,298.36017779690695,320
369,299.8591007928568,320
370,300.4138859305475,320
371,296.0795492949049,320
372,298.03178727580234,320
373,304.6574675986621,320
374,297.29636673063453,320
375,301.29758374876644,320
376,292.29597243920256,320
377,301.7523264609821,320
378,297.7181469498365,320
379,284.13388924987,320
380,290.0000426941367,320
381,290.6409045438627,320
382,299.26359523506665,320
383,297.1483263282873,320
384,302.1855652255194,320
385,296.13411346027095,320
386,296.8220756929594,320
387,301.35762860885774,320
388,301.8176054407771,320
389,299.2593045682816,320
390,296.05440398016964,320
391,299.1937855705673,320
392,301.70323968397577,320
393,298.91400691774294,320
394,294.4324192129486,320
395,298.25054424407335,320
396,299.49139483622076,320
397,296.8286755237063,320
398,298.12609562059873,320
399,297.6718389707214,320
400,298.25890158007627,320
401,301.37615301615335,320
402,299.15047398936144,320
403,296.86837624055806,320
404,293.38792898039793,320
405,296.7253157983371,320
406,296.71242660529145,320
407,296.64709713459376,320
408,285.82314185741654,320
409,292.17614799060044,320
410,309.6634218009394,320
411,298.50300737949703,320
412,299.6520127946083,320
413,296.36851277211787,320
414,300.8550592614824,320
415,301.8739988642539,320
416,297.0966977258584,320
417,306.28209673141066,320
418,299.7105634273689,320
419,299.4870175714894,320
420,296.63449936112056,320
421,301.3056156325654,320
422,295.0873400348816,320
423,296.6049604037323,320
424,296.7938961271107,320
425,296.5119517053732,320
426,298.7031658225929,320
427,295.7255953169264,320
428,297.1389439598766,320
429,299.9542473444701,320
430,299.14021636698004,320
431,297.4564596628487,320
432,297.1586062595427,320
433,297.1753940736549,320
434,297.17189310595387,320
435,294.12548534917266,320
436,295.38275892056686,320
437,299.62912966048714,320
438,296.7957720280399,320
439,298.20467880068014,320
440,295.8959061267287,320
441,297.76038785785505,320
442,287.4136145575445,320
443,290.98090291833427,320
444,289.9780563107789,320
445,299.3903223246558,320
446,293.24365800845084,320
447,297.7216152630006,320
448,297.20155729330594,320
449,297.60862798391577,320
450,299.9863767560386,320
451,298.64985762022116,320
452,300.1252558054669,320
453,307.16157530457104,320
454,294.12403188210476,320
455,298.83914354960547,320
456,296.2185215797766,320
457,295.5813929147545,320
458,295.2157650877832,320
459,295.3049455650433,320
460,296.46622025248223,320
461,299.4601620250327,320
462,300.93339145676885,320
463,294.83532012952185,320
464,290.5908180930017,320
465,294.1549943272036,320
466,300.10542627372445,320
467,300.52411354036,320
468,296.9605455816734,320
469,295.84649680104695,320
470,295.2313612824751,320
471,302.6821859629618,320
472,297.6066070935078,320
473,299.0022167254707,320
474,302.2044073428222,320
475,297.8851116586971,320
476,291.3463980555249,320
477,300.8335461245141,320
478,300.7655993109727,320
479,302.4028214288041,320
480,296.05563992278974,320
481,300.59610392109374,320
482,301.92801081159064,320
483,298.0232960363706,320
484,296.78790399225085,320
485,305.06731439215235,320
486,297.87570119599366,320
487,294.0631958862644,320
488,292.73749499615815,320
489,287.2226368176271,320
0,286.57992800242044,330
1,281.21973114997013,330
2,285.4599147395998,330
3,281.077441442504,330
4,279.3845918336352,330
5,283.17907144835704,330
6,281.5311830077195,330
7,280.1713178791673,330
8,280.55518297049133,330
9,282.7912834755586,330
10,286.0148238459051,330
11,287.4688959391981,330
12,284.406889559731,330
13,281.9244620975865,330
14,280.2952568966135,330
15,281.0706717796565,330
16,280.60552283443326,330
17,280.7749826140868,330
18,291.2334836143473,330
19,305.3964514088943,330
20,303.3077815908546,330
21,295.43610206055695,330
22,279.67416490191135,330
23,273.3567655175062,330
24,277.90927220159733,330
25,281.7371248457396,330
26,280.1939197810746,330
27,278.8571501774039,330
28,279.5741173968818,330
29,284.05255142477034,330
30,280.61121815815,330
31,280.6793589582812,330
32,280.27636003751047,330
33,279.3261557120606,330
34,280.4685617310378,330
35,280.6516028396728,330
36,272.8675369978799,330
37,278.51351874151106,330
38,286.70172609438,330
39,282.6651774765327,330
40,284.16843660293256,330
41,283.4215781774489,330
42,281.9529809392372,330
43,282.14847386662484,330
44,289.317594573662,330
45,289.28359719239063,330
46,285.6704888670869,330
47,284.1938380439232,330
48,279.74109918192505,330
49,280.69897518286245,330
50,280.5655880977488,330
51,294.30209695860736,330
52,297.4539557821962,330
53,300.54179689738515,330
54,300.8917212252531,330
55,297.5554324790028,330
56,297.0504602910101,330
57,299.75964267994476,330
58,294.9561802370277,330
59,293.5153364936845,330
60,296.8593663965348,330
61,292.18648127544736,330
62,294.14984003435,330
63,296.35273518866893,330
64,301.90212820235126,330
65,300.3995301511417,330
66,299.37728558357185,330
67,309.0798046573904,330
68,300.8355587232691,330
69,298.6106645562483,330
70,302.5832885380153,330
71,294.5227859173481,330
72,293.6364627495952,330
73,301.32032999641615,330
74,295.8501922725183,330
75,296.69203951975703,330
76,305.72788059516387,330
77,295.09097189627573,330
78,296.62647583928435,330
79,305.53606116006995,330
80,300.5052866915122,330
81,295.90030846255803,330
82,302.00946661031094,330
83,297.2120496861603,330
84,296.9685998980367,330
85,302.0011684725481,330
86,296.89267035802555,330
87,294.8800535970713,330
88,294.9799219045769,330
89,295.30499074925984,330
90,299.98527875413856,330
91,298.4765786607806,330
92,296.530771277329,330
93,294.4082411478834,330
94,298.503987960744,330
95,297.6840156923082,330
96,297.3055387946846,330
97,298.1630173230113,330
98,304.78165100461433,330
99,302.5029035221455,330
100,297.11402018624557,330
101,296.94517394435803,330
102,303.4781081147993,330
103,299.6993297284536,330
104,298.11483181217926,330
105,295.9245997736045,330
106,295.3281027293152,330
107,299.2695207541433,330
108,295.32121581883916,330
109,295.3016706319624,330
110,295.851306388637,330
111,294.5604502997838,330
112,293.71934405161454,330
113,291.3403522548914,330
114,288.3624505230884,330
115,285.9457568627573,330
116,291.14429839777563,330
117,285.62321922609493,330
118,283.24990841348847,330
119,288.2522125743271,330
120,294.81196567919915,330
121,286.59450180567876,330
122,286.7532939124549,330
123,284.2434786664778,330
124,283.5101459350129,330
125,281.31966305738786,330
126,281.5028814497589,330
127,282.01049864260466,330
128,281.09509826244386,330
129,284.3900268474308,330
130,278.13798292834576,330
131,280.4381008573735,330
132,281.65443232877755,330
133,285.0869190922748,330
134,280.5100525725298,330
135,284.88695062457884,330
136,276.0226220584243,330
137,280.7482306132942,330
138,275.2091518465592,330
139,280.48470767829144,330
140,274.3444481487576,330
141,276.65442149901475,330
142,275.092899570953,330
143,273.935314532663,330
144,279.9093327906668,330
145,270.08964863130626,330
146,275.37031403308026,330
147,282.4314520591889,330
148,277.2201892674385,330
149,280.33938911794564,330
150,274.662492873956,330
151,278.7155538465451,330
152,277.7924728536594,330
153,279.0662513671696,330
154,283.4508747431991,330
155,273.2345874072182,330
156,277.66593001179,330
157,277.4148697927865,330
158,284.4399952071471,330
159,281.5396588191818,330
160,280.3485453511019,330
161,277.35123359530013,330
162,282.99767713443106,330
163,282.5446743531449,330
164,280.81266012526555,330
165,283.4531715843332,330
166,273.92948653308525,330
167,280.24241414064977,330
168,279.1742662999864,330
169,275.87620525205125,330
170,278.8917310271968,330
171,280.623671890529,330
172,279.6023871500605,330
173,281.0076354401555,330
174,274.90480096178925,330
175,278.85995560626543,330
176,271.9454196429182,330
177,273.15384315785616,330
178,278.69071431025077,330
179,279.36297230672267,330
180,279.7614934490186,330
181,276.843749126576,330
182,275.05245064126734,330
183,278.66225643209225,330
184,280.29761056443976,330
185,275.0266143792659,330
186,276.01426318297,330
187,275.8752653175642,330
188,274.34940510008295,330
189,270.1480780542001,330
190,271.38997115378623,330
191,276.4099663264628,330
192,274.01348382814024,330
193,271.82318187386454,330
194,280.0828924360608,330
195,272.99485579611985,330
196,279.25579385340603,330
197,280.829331083936,330
198,277.24318429891093,330
199,277.9332965536956,330
200,274.33187971976724,330
201,281.0707267050972,330
202,284.4850780226771,330
203,276.00957692491426,330
204,284.3628079473927,330
205,284.3500200536186,330
206,282.50525363554044,330
207,283.4571236512865,330
208,284.76574734072494,330
209,282.5082390251448,330
210,284.61054215100336,330
211,284.4540519828201,330
212,283.11669266414754,330
213,285.3575324666593,330
214,282.1808962731334,330
215,293.27823347816565,330
216,285.7730864257035,330
217,295.2307434125188,330
218,294.77182126777365,330
219,298.61347939969005,330
220,295.59133586440726,330
221,298.24450555835114,330
222,300.8608710901372,330
223,304.01304635216684,330
224,301.5712213871709,330
225,295.0609224273201,330
226,295.8023510642922,330
227,295.89094188235566,330
228,300.43632517824716,330
229,301.61649521841423,330
230,297.8963661856856,330
231,299.4358165525239,330
232,305.43323587785596,330
233,303.1810824498607,330
234,304.66875299399163,330
235,301.49688407198437,330
236,297.7232965013673,330
237,299.4657364561489,330
238,298.1954503015559,330
239,286.1967119842051,330
240,276.8400678776746,330
241,278.0035693925832,330
242,295.56485155420773,330
243,301.5242561294652,330
244,296.47667131926715,330
245,302.322515929764,330
246,297.24254346421634,330
247,298.44785871052306,330
248,293.14745469284475,330
249,302.9313010239348,330
250,298.18123743455874,330
251,298.61519573919395,330
252,297.0295358100329,330
253,302.52958563215753,330
254,298.2009641798136,330
255,306.2403291306936,330
256,304.9444726215115,330
257,299.43867942350886,330
258,296.75984499562423,330
259,296.4012615789424,330
260,300.50976980878215,330
261,300.59614631547134,330
262,299.3384201536558,330
263,298.6182692147068,330
264,294.3680435819568,330
265,290.32940370231466,330
266,304.50700174652707,330
267,297.04956332026245,330
268,297.57992410578083,330
269,303.8680149617282,330
270,301.0811601599953,330
271,301.93881927925065,330
272,294.3416096867613,330
273,297.3409200241659,330
274,296.4178206370677,330
275,299.874934406044,330
276,302.30960933481316,330
277,298.82466421091476,330
278,300.049998633227,330
279,301.0986889345018,330
280,302.7360993016088,330
281,295.4565657050005,330
282,299.48463058549913,330
283,298.82532480685427,330
284,297.3912638333778,330
285,297.554377166973,330
286,303.01670275897413,330
287,302.3571187793139,330
288,297.7203743163232,330
289,300.1505368877429,330
290,297.1397817733479,330
291,298.3656357979713,330
292,298.2407243201628,330
293,306.1074523685753,330
294,299.9150783538027,330
295,301.9037240619486,330
296,301.0884533318416,330
297,299.2961679604194,330
298,298.63500063018284,330
299,300.9156201609155,330
300,298.4959799539175,330
301,296.72863616112653,330
302,299.804200194996,330
303,301.41865127170223,330
304,296.36354810125675,330
305,299.6854499861253,330
306,300.0947350199463,330
307,290.56569959317585,330
308,293.8001492057923,330
309,292.22512147894497,330
310,290.385049507108,330
311,296.4934118592428,330
312,295.76465288351346,330
313,288.60191431362836,330
314,287.29913308225554,330
315,284.8092380573981,330
316,297.2288378022356,330
317,297.2218111012906,330
318,291.78299329551857,330
319,288.31522815505,330
320,290.4810468048064,330
321,298.870365408677,330
322,290.7128397371994,330
323,300.53753299164805,330
324,301.3505684581965,330
325,296.8213293449507,330
326,295.33803629695797,330
327,295.6913276914537,330
328,297.5185392006563,330
329,299.73196919642675,330
330,296.29402424504485,330
331,307.4783156803806,330
332,301.33944203335363,330
333,303.3953041276374,330
334,300.02434013684217,330
335,304.96920069175917,330
336,301.6016691703914,330
337,298.07219503806573,330
338,297.6430679141837,330
339,297.56803064745407,330
340,299.563987430675,330
341,303.79670162593254,330
342,299.2612818808128,330
343,299.19630623419914,330
344,299.744043508055,330
345,298.63673709189777,330
346,301.1537241311748,330
347,295.24627881931843,330
348,298.3218430000699,330
349,297.8793696615502,330
350,297.4483227102967,330
351,307.2294101384988,330
352,308.1597804212123,330
353,302.0287000695021,330
354,305.59107346459547,330
355,300.50466359789516,330
356,300.140847376807,330
357,296.81944591281837,330
358,299.5201778035197,330
359,301.06402543307473,330
360,296.5590698095645,330
361,301.4447215016444,330
362,306.34229472559207,330
363,298.2450944505609,330
364,301.74999212548147,330
365,300.07851005991336,330
366,306.0256203432622,330
367,299.17640965179925,330
368,300.1767643106291,330
369,300.60629825034243,330
370,297.41004610510083,330
371,298.86309537619314,330
372,302.49100583317795,330
373,298.1672756235161,330
374,296.8106609266312,330
375,299.0120679747097,330
376,299.65851108663156,330
377,299.5822764046537,330
378,304.46146055183107,330
379,296.8700015867889,330
380,295.39898226851136,330
381,304.12613750562593,330
382,304.65369643520813,330
383,307.20900691066964,330
384,306.89722296061854,330
385,306.8982212272343,330
386,305.47521943478347,330
387,301.6240086992744,330
388,309.0787965330234,330
389,300.4051280362661,330
390,300.2788558941324,330
391,303.3427653077249,330
392,306.3498793746356,330
393,304.46069040719453,330
394,302.22509463604405,330
395,309.80652213339295,330
396,304.5782581678302,330
397,305.0849471626913,330
398,312.43209551979425,330
399,306.8839143369395,330
400,303.1724414418644,330
401,303.7226536535521,330
402,298.5382935042641,330
403,296.605575935919,330
404,302.8284821942649,330
405,304.91520622011046,330
406,300.733990950766,330
407,298.5677420659338,330
408,304.3696230372671,330
409,301.5928250503991,330
410,307.77692304648394,330
411,305.3266122807795,330
412,301.3965010640728,330
413,310.5277356010827,330
414,308.8749234738112,330
415,305.8895467873489,330
416,301.9064519627793,330
417,298.6547022286587,330
418,299.16951242685855,330
419,301.8963875238804,330
420,298.99594442786645,330
421,299.9793973283862,330
422,302.9261264625316,330
423,297.24832813877055,330
424,300.67927770789953,330
425,298.70110454775585,330
426,304.4256579475923,330
427,301.1419193544542,330
428,300.8134812730945,330
429,319.5508644289832,330
430,316.8806943826411,330
431,313.1775980013281,330
432,309.23878125741015,330
433,307.9914527533545,330
434,315.1683517115568,330
435,309.146713979921,330
436,305.7431196510788,330
437,304.6885026825131,330
438,307.06283093068055,330
439,308.87642495013716,330
440,303.39221360274615,330
441,305.2363453918648,330
442,298.29168602921607,330
443,313.44686325119824,330
444,307.5994835972554,330
445,296.4252765443155,330
446,310.44875508296315,330
447,310.99884248103,330
448,301.6920970001534,330
449,303.16886587059787,330
450,301.5413341681786,330
451,300.4116196225915,330
452,302.14474870136394,330
453,297.5837110595812,330
454,304.47269239118356,330
455,312.61776571337265,330
456,312.7711175588913,330
457,304.06876071146985,330
458,302.668005854639,330
459,307.2083637227766,330
460,303.34172847595215,330
461,300.20731737904913,330
462,299.31747602464964,330
463,298.7627688739278,330
464,300.1523973270563,330
465,308.5586724187754,330
466,301.53872255806243,330
467,299.6799843368158,330
468,298.482146884944,330
469,300.9848208712864,330
470,296.4685724206185,330
471,309.7935095570929,330
472,315.0961557792862,330
473,309.6625891226922,330
474,306.13207991744434,330
475,311.1184431932751,330
476,309.9166296824382,330
477,305.44304901822954,330
478,308.58760762862676,330
479,302.17113285908016,330
480,298.9438951593552,330
481,308.19820676600415,330
482,305.2212446594705,330
483,306.7456863624028,330
484,296.47903106579474,330
485,295.3009526362522,330
486,298.8759568035658,330
487,296.7524720616144,330
488,297.2372506528687,330
489,295.5457069836672,330
0,282.2705541689351,350
1,280.87116173400864,350
2,276.02715832117167,350
3,276.00131730466165,350
4,273.51016783102403,350
5,280.99435557869583,350
6,273.90213255845583,350
7,278.55593919849775,350
8,276.07646325815347,350
9,280.3099850115679,350
10,274.39981880757875,350
11,278.1108005476512,350
12,277.68976634296797,350
13,278.68034017713825,350
14,277.2142709016123,350
15,282.2955129970391,350
16,282.16153840111514,350
17,283.55650102780515,350
18,277.7935220121994,350
19,277.3523619533694,350
20,278.2159616392721,350
21,271.71679229677005,350
22,273.22856705694414,350
23,282.1732450077186,350
24,276.0796207106132,350
25,276.5265547336463,350
26,276.11132338143614,350
27,280.98488789707216,350
28,274.7912797980145,350
29,273.4186574803096,350
30,275.0014798473977,350
31,274.59507008763194,350
32,279.94666609163926,350
33,280.6064494894344,350
34,280.9259478622979,350
35,282.3007671363868,350
36,280.32244293660494,350
37,285.404689749345,350
38,279.6489203823102,350
39,282.8665922394489,350
40,282.8254352593887,350
41,282.38070579726826,350
42,282.3029829940432,350
43,282.46649165317973,350
44,282.5407925562521,350
45,283.2534667596216,350
46,283.30272249724686,350
47,283.13683554771507,350
48,283.0165238381342,350
49,283.6594591328411,350
50,283.7762495864756,350
51,284.07527689058014,350
52,283.98935661746276,350
53,284.5037478456409,350
54,283.38800330328024,350
55,282.2591905638173,350
56,286.73168195822626,350
57,290.4278928785571,350
58,291.2770036086317,350
59,291.2475799516694,350
60,290.68592776854456,350
61,290.41644896030687,350
62,291.3967778835713,350
63,294.89579555839765,350
64,294.1486212507411,350
65,294.1314130181889,350
66,294.49501935464497,350
67,305.6880773520785,350
68,301.3787755288542,350
69,295.3433524609159,350
70,303.19491892693503,350
71,293.71418489717576,350
72,292.25711246180816,350
73,291.760596527351,350
74,281.76605796374673,350
75,289.3211107184593,350
76,305.20764937738596,350
77,305.9513789022894,350
78,298.5972472976789,350
79,294.47136341235074,350
80,292.58879057405613,350
81,297.4557252261833,350
82,290.3382050000435,350
83,281.0907667499518,350
84,284.76301450235,350
85,284.72019684584836,350
86,284.7889047173088,350
87,285.2005168858439,350
88,283.71377763302684,350
89,279.2929869187476,350
90,284.3573778882865,350
91,286.6305911363614,350
92,284.56282497317477,350
93,284.6157471395092,350
94,284.5927782986365,350
95,284.06342945046265,350
96,274.5961287176882,350
97,273.2347026669596,350
98,291.7343358937188,350
99,304.82692896102805,350
100,274.47820988519715,350
101,284.04620804984626,350
102,292.6935358680217,350
103,279.4656787114113,350
104,287.8356077806381,350
105,299.95355733239245,350
106,296.39129301484996,350
107,291.2605322839309,350
108,282.3937832158223,350
109,280.0679098496358,350
110,274.53483225727894,350
111,282.83038931636946,350
112,285.99770329331653,350
113,276.1732644547982,350
114,285.36425592757877,350
115,287.1757491485191,350
116,286.99079732199596,350
117,287.35240583296047,350
118,286.4759410034783,350
119,284.12934315641,350
120,253.6828207583669,350
121,237.77786021958883,350
122,272.3911360416452,350
123,274.3659388998797,350
124,280.5870490326526,350
125,283.8886736246848,350
126,279.96744437092866,350
127,275.4228408469773,350
128,271.94753336724966,350
129,272.08738147655,350
130,271.0060005022609,350
131,282.35144002191123,350
132,290.48394841450045,350
133,294.1994772773836,350
134,301.5703897464589,350
135,281.8650806730186,350
136,279.4015721383207,350
137,290.95932925903475,350
138,306.2273856025241,350
139,279.1091726826693,350
140,282.6739204201722,350
141,293.7736247655322,350
142,283.24413948008254,350
143,278.25713019664323,350
144,284.3450121893471,350
145,291.2333705662328,350
146,327.7182352047865,350
147,293.55829358789595,350
148,298.33344619275186,350
149,288.443994934489,350
150,286.3633979653444,350
151,294.5538234981967,350
152,299.38433027427305,350
153,294.7253135185604,350
154,275.8034907615125,350
155,290.1785598737856,350
156,298.1633045385995,350
157,296.89465434384033,350
158,295.61652618418924,350
159,286.79154461123574,350
160,290.3862419479437,350
161,296.40664962470004,350
162,294.8831547719664,350
163,289.75124309001444,350
164,292.288116694859,350
165,288.03471353925005,350
166,298.26682677796043,350
167,286.86292066931696,350
168,291.79808523453994,350
169,293.0157076896431,350
170,298.4266151956974,350
171,297.4268892954824,350
172,290.05823289348814,350
173,301.77394230012055,350
174,292.0230122205366,350
175,294.0644208458469,350
176,289.9746047236271,350
177,291.3057649069481,350
178,298.15725764718115,350
179,292.6206868122006,350
180,281.4815450739425,350
181,282.0630322661068,350
182,293.6433748348155,350
183,298.0743162118082,350
184,284.3294553688876,350
185,299.40554132787986,350
186,298.6351411491743,350
187,298.7472818216912,350
188,296.20543604007094,350
189,293.03453410667737,350
190,289.58703884006263,350
191,294.4499995279003,350
192,307.18775069497235,350
193,296.04195732723116,350
194,296.5037045300898,350
195,292.6115009008944,350
196,298.4520238524082,350
197,298.06190821846457,350
198,300.1102374340929,350
199,299.21194204981634,350
200,296.6113273157668,350
201,300.27378851206606,350
202,301.3064531431998,350
203,289.282901629734,350
204,296.2877047937825,350
205,293.6367946546085,350
206,301.9938773200754,350
207,299.6894568116406,350
208,295.95221618465257,350
209,295.7805017337293,350
210,299.4173403766755,350
211,292.4194053579364,350
212,297.048038007629,350
213,294.7452044401762,350
214,303.29446591512806,350
215,298.4676617395493,350
216,292.02639382064405,350
217,293.39319057272854,350
218,297.33154195737274,350
219,297.9277596154333,350
220,297.78742045069345,350
221,298.95358535394666,350
222,293.4204669600537,350
223,294.4664130488665,350
224,299.81175032143966,350
225,294.62358815023794,350
226,294.3756493838255,350
227,292.70063494177487,350
228,286.86528109317175,350
229,293.6650061290661,350
230,296.0617170776887,350
231,296.3917482735946,350
232,296.77982938424856,350
233,295.8337319084795,350
234,299.49594854581045,350
235,298.24373298518924,350
236,297.157592054852,350
237,297.0627214790891,350
238,291.24470762929525,350
239,294.86021800039197,350
240,297.3829420301274,350
241,300.1338203952622,350
242,296.9701849783726,350
243,300.2031249302026,350
244,294.2590391986474,350
245,281.59055348746114,350
246,289.05051847466893,350
247,297.8350617061555,350
248,288.26685757146583,350
249,295.6578715315185,350
250,294.74637615922677,350
251,297.7511509189966,350
252,301.510666475429,350
253,299.930769839538,350
254,294.15930884493747,350
255,291.8771623383169,350
256,280.86134105071994,350
257,281.05428564931833,350
258,283.4823331601942,350
259,287.72912086468625,350
260,296.3117954687696,350
261,298.6515419174858,350
262,297.3941473688507,350
263,288.9797268835374,350
264,278.89525300932735,350
265,281.98785116594945,350
266,286.32131900441567,350
267,295.2412092746288,350
268,291.2665327230549,350
269,295.3180572539371,350
270,290.9894082054931,350
271,296.4583685421004,350
272,301.13424425627903,350
273,288.4095658286978,350
274,288.39442372033244,350
275,293.49014950708226,350
276,292.1080614846725,350
277,289.27502272017585,350
278,283.5009904561101,350
279,285.00881248082266,350
280,298.32506638453407,350
281,295.3602786225163,350
282,293.9390818860442,350
283,291.31217685952123,350
284,280.0803176875667,350
285,297.2758878577898,350
286,287.7729076445395,350
287,299.2836910532627,350
288,293.0785550422232,350
289,297.8940017639417,350
290,295.9403762516114,350
291,303.148594506441,350
292,296.38582680031664,350
293,294.59035029544754,350
294,299.9508883690039,350
295,297.46746705438426,350
296,296.22557276307185,350
297,299.38532275497045,350
298,295.6396101128508,350
299,296.21768988801,350
300,296.79204900698585,350
301,296.7824230640484,350
302,289.5789055908091,350
303,299.2598690998178,350
304,299.41695302969964,350
305,300.0644520922521,350
306,299.1849893668628,350
307,294.96507514428475,350
308,297.4692438536434,350
309,299.64006860428475,350
310,299.6301102830981,350
311,296.60956502948443,350
312,293.6498648451013,350
313,297.88337581204536,350
314,295.6897826141341,350
315,299.36328017075743,350
316,295.8193026012663,350
317,301.0181672010217,350
318,299.7711507633207,350
319,298.5411559052296,350
320,298.5736354095139,350
321,298.5788935860995,350
322,297.20013071572777,350
323,296.52272747272514,350
324,296.28368536197144,350
325,298.06312337222397,350
326,296.1232002857091,350
327,297.99890645490973,350
328,299.133083130716,350
329,295.2613610262799,350
330,297.1660137618694,350
331,301.04581569825086,350
332,298.0037498456091,350
333,296.0272891313838,350
334,298.01561891834905,350
335,292.6161135828025,350
336,293.9699218289195,350
337,298.97204836821913,350
338,296.5098745777646,350
339,295.5726807575378,350
340,294.7782345382298,350
341,299.193526836877,350
342,296.56361301261023,350
343,302.583115988541,350
344,300.67968337613064,350
345,294.3087824319125,350
346,299.86807440674255,350
347,298.69392964848197,350
348,298.6134256150587,350
349,296.7010018853842,350
350,294.812941736772,350
351,293.5071542069434,350
352,294.1220376511976,350
353,300.8359654916625,350
354,299.4271726406832,350
355,300.062953382986,350
356,297.31867205667197,350
357,299.6864018642594,350
358,294.49130061007065,350
359,297.7296616338562,350
360,301.98817261724156,350
361,298.7305876611597,350
362,301.389625990915,350
363,296.0561894920921,350
364,296.7911086244135,350
365,298.71443755021977,350
366,295.61661615408406,350
367,298.38391478847115,350
368,303.42860159003015,350
369,295.32072571327126,350
370,303.86116876961637,350
371,305.413903450529,350
372,302.547954745366,350
373,300.3658174102496,350
374,301.88733772164323,350
375,309.48666432593024,350
376,296.05856550516046,350
377,301.8240055293631,350
378,297.6271543679134,350
379,306.5665237117448,350
380,290.92657736162715,350
381,293.13517504224893,350
382,299.42697591572914,350
383,301.64204514715476,350
384,306.68137908643456,350
385,298.03495757648915,350
386,304.52426381253537,350
387,294.27965768774806,350
388,304.480325421224,350
389,310.2788110198953,350
390,297.2562427563389,350
391,303.41444764577244,350
392,295.58271386968204,350
393,297.1878178483969,350
394,297.66631986656483,350
395,294.878423758307,350
396,296.4865496797568,350
397,300.5684129178375,350
398,293.25352207273806,350
399,296.5707562183127,350
400,293.7694277836386,350
401,302.9806792084604,350
402,293.0444190228404,350
403,295.40022329071576,350
404,297.50950900339893,350
405,300.38371898424197,350
406,296.6143019838464,350
407,298.274527449079,350
408,295.15303122246326,350
409,295.75828031116976,350
410,295.2304532287945,350
411,296.4949665464363,350
412,297.1845963634605,350
413,295.049905887694,350
414,299.8632179271318,350
415,297.08960011654153,350
416,295.01334200987895,350
417,295.5548233033149,350
418,296.0774601264322,350
419,298.32658857208446,350
420,298.00658265294476,350
421,298.8901585104686,350
422,298.14465662478864,350
423,296.3369826803882,350
424,299.0516670921139,350
425,295.8808738335959,350
426,297.36815400215613,350
427,296.42492277634966,350
428,292.4751449303407,350
429,293.8193077318991,350
430,291.0656356406407,350
431,285.61746198250495,350
432,289.3302103207551,350
433,285.6435462712627,350
434,282.96861829739066,350
435,282.8060542227727,350
436,280.1585890922428,350
437,277.65950939512913,350
438,280.6373299640657,350
439,286.32386996391625,350
440,282.0167835527995,350
441,294.09705122026605,350
442,295.72072050957627,350
443,299.9312812639069,350
444,296.1892564275565,350
445,296.43058893391634,350
446,295.73723334369777,350
447,291.15040538590114,350
448,297.3223543949268,350
449,299.01303846033574,350
450,300.00490647135706,350
451,301.26272114309296,350
452,303.0983211383267,350
453,300.51468983075983,350
454,299.8360058799014,350
455,298.6182005474766,350
456,297.41444966652574,350
457,289.13059553519065,350
458,294.6396489839977,350
459,304.24030262436673,350
460,298.06824721361147,350
461,298.6244601653419,350
462,292.63216699429194,350
463,300.53928278705297,350
464,300.505495929072,350
465,299.7251718972496,350
466,298.3345952570285,350
467,299.56237322209546,350
468,297.6576258330236,350
469,297.77996428042275,350
470,298.2879883278372,350
471,299.78793621111237,350
472,297.00364115193133,350
473,295.22149352196,350
474,297.717967223278,350
475,297.36114894646954,350
476,299.93518756191423,350
477,294.93233568937956,350
478,297.53018202056404,350
479,299.9458655777716,350
480,299.1387202364576,350
481,295.19267840561224,350
482,297.63963101997086,350
483,301.3169604382575,350
484,297.70364360014565,350
485,302.5939799720156,350
486,295.9225812869534,350
487,299.50677570944765,350
488,289.7796940248547,350
489,295.2455390840413,350
0,303.3074783503053,370
1,297.74301718908146,370
2,301.9057800624402,370
3,301.1197259833939,370
4,296.1553505341003,370
5,297.7208378713823,370
6,302.31354256994797,370
7,301.0391620503698,370
8,294.8056315770341,370
9,292.8691577372248,370
10,297.2108717282904,370
11,302.072383446562,370
12,299.46989245447645,370
13,300.91945686002595,370
14,297.934351964033,370
15,297.21614665182256,370
16,298.3181629339497,370
17,297.9218851743366,370
18,301.7507533848506,370
19,307.0953707649277,370
20,315.50382323124,370
21,307.51833404326385,370
22,304.17661788976545,370
23,298.18610743500034,370
24,294.9401436092147,370
25,299.76398942211466,370
26,301.72649795545794,370
27,295.0590509375758,370
28,296.6108299262635,370
29,301.1592647799973,370
30,298.88616351258213,370
31,298.7594105832002,370
32,300.9222580614369,370
33,299.7120688485155,370
34,298.07728648076255,370
35,296.43108832940334,370
36,301.0485060058875,370
37,300.83676100497553,370
38,298.5449939414485,370
39,299.17185480681,370
40,297.44582260085895,370
41,300.58392862444464,370
42,301.5152001514238,370
43,298.3025152253203,370
44,299.5361945715923,370
45,302.2349653230321,370
46,294.498671318958,370
47,295.52462337449236,370
48,301.3681286371977,370
49,293.09287690638797,370
50,296.42075002536984,370
51,302.1413387729425,370
52,298.01047020732756,370
53,299.4964328980426,370
54,298.27679083355025,370
55,301.6712261662311,370
56,294.74760085449856,370
57,294.47685075676,370
58,293.0519388508948,370
59,297.86757061342036,370
60,296.9840056362436,370
61,299.0846321833685,370
62,289.7112725154788,370
63,297.7605397693945,370
64,294.1492370428866,370
65,299.25473536330765,370
66,285.8497249721668,370
67,291.19663293327545,370
68,301.237125413712,370
69,293.90618598696693,370
70,301.54686723772096,370
71,297.1787190145401,370
72,297.1851292875878,370
73,294.75956946928017,370
74,314.00829137664306,370
75,303.15513998659776,370
76,297.00534056621643,370
77,298.92647421380167,370
78,295.7225257173358,370
79,303.0251243998629,370
80,305.97900434906256,370
81,296.8160696774464,370
82,295.15107079657196,370
83,290.0141879465419,370
84,300.04907264669026,370
85,293.6868154983124,370
86,300.401675955859,370
87,298.11311123614274,370
88,298.01091201302046,370
89,298.12352199116253,370
90,302.54524389401763,370
91,301.4752193802897,370
92,302.55208158280817,370
93,299.84562839947165,370
94,300.6210679665953,370
95,300.72175342190275,370
96,302.8831215207538,370
97,301.1522067311278,370
98,300.2761896834126,370
99,297.7473918259361,370
100,298.7458826002876,370
101,294.31093720046795,370
102,304.57970302219724,370
103,304.84641617693677,370
104,309.65661386710303,370
105,317.92626760237283,370
106,302.60034269139686,370
107,291.0487801770636,370
108,302.4941242995249,370
109,291.2462256653019,370
110,292.4877462931642,370
111,294.9549339321882,370
112,291.0191047224367,370
113,298.39127349784724,370
114,297.23810172574457,370
115,297.02369215887484,370
116,296.1708161612689,370
117,297.9744584953727,370
118,292.81391020405283,370
119,297.6950490986865,370
120,288.25893850579206,370
121,298.67109927641104,370
122,299.20078672676635,370
123,299.86777027699816,370
124,296.58333148583637,370
125,302.6259650189226,370
126,296.7406805882509,370
127,301.8029286906414,370
128,295.290473927631,370
129,305.08109932070585,370
130,299.35044297297725,370
131,301.78690256814724,370
132,313.0488015146877,370
133,306.07689034484014,370
134,319.865250129689,370
135,306.008557001138,370
136,312.30046187922665,370
137,308.884806144192,370
138,308.39156730380375,370
139,307.8990559299924,370
140,301.0311606616137,370
141,307.2893448925551,370
142,289.8972289973024,370
143,295.10693197144093,370
144,301.9165101118601,370
145,300.4694862318924,370
146,300.62721562015327,370
147,295.5589052978995,370
148,298.66835888427426,370
149,299.92239300452883,370
150,297.80709031366854,370
151,299.82240881995193,370
152,295.1339505879079,370
153,296.7793968244416,370
154,299.5079482984021,370
155,303.5922523560888,370
156,299.02753935707295,370
157,295.2248194876203,370
158,306.8657281571182,370
159,312.46074412536774,370
160,301.8852661007068,370
161,300.40600324792877,370
162,309.0181095717391,370
163,315.8703155662777,370
164,298.7911426236163,370
165,301.3443468698239,370
166,315.93807405325845,370
167,300.36618228751786,370
168,299.63567254951397,370
169,309.2113275283993,370
170,297.9200891489903,370
171,297.26523786122675,370
172,291.75837993731886,370
173,297.7681670770325,370
174,294.29741737523676,370
175,305.77965859064517,370
176,306.90455292417647,370
177,295.59064520453006,370
178,290.42914340729567,370
179,297.6872257904238,370
180,297.86932197846227,370
181,308.64260447768135,370
182,298.0243749329567,370
183,303.79073800360624,370
184,301.3258838065219,370
185,300.87336261973616,370
186,297.2303819659368,370
187,300.0245457862905,370
188,297.77010413575886,370
189,298.2779442334012,370
190,297.1573586942029,370
191,298.77040287591365,370
192,299.2982235408473,370
193,301.2142948953803,370
194,301.8415820623574,370
195,305.30756003058485,370
196,309.31719229255697,370
197,299.78713083418296,370
198,300.17758565073046,370
199,298.13584995219145,370
200,301.3930212630643,370
201,300.49129326347867,370
202,301.6718414339052,370
203,295.38151212001173,370
204,301.17154887130243,370
205,297.358208625244,370
206,299.9770866152154,370
207,303.0668486584439,370
208,304.6995512620894,370
209,299.993226896789,370
210,306.0546992037493,370
211,298.08116117841564,370
212,305.0809208442545,370
213,299.28078854623516,370
214,302.8002784185806,370
215,298.0254370821457,370
216,296.7487727499795,370
217,299.93891511030887,370
218,300.41106740125156,370
219,304.37743833745236,370
220,300.3557380765111,370
221,299.4173890197904,370
222,303.15000182666773,370
223,298.09618887381765,370
224,309.9883969903619,370
225,302.1654115543828,370
226,300.3762521547564,370
227,298.766904874006,370
228,302.20099960920845,370
229,299.770503865763,370
230,296.5210566748471,370
231,302.7339654140868,370
232,308.555488499399,370
233,300.6984720403512,370
234,296.5272327168988,370
235,298.17467922625843,370
236,296.56539876882454,370
237,305.1308070817082,370
238,300.3402601451974,370
239,294.25444130103244,370
240,294.589207366413,370
241,304.5586896793351,370
242,315.25479794654234,370
243,310.3190272990116,370
244,298.23519356544,370
245,295.8997745546436,370
246,303.17237626403244,370
247,301.7642877014963,370
248,305.0157983020809,370
249,310.1923204990732,370
250,305.1931866058104,370
251,306.7507440644972,370
252,298.6464999823906,370
253,305.480303160022,370
254,299.8103417235473,370
255,298.9118699552134,370
256,307.89334295132824,370
257,302.5662705890554,370
258,298.4313834424792,370
259,296.49978702392997,370
260,298.1613362671117,370
261,299.7605863799902,370
262,298.01489176664165,370
263,300.688640465189,370
264,299.6643926668096,370
265,308.2362490617611,370
266,292.42395587258784,370
267,294.79941271232406,370
268,295.60989208985177,370
269,298.61677080437806,370
270,294.97997992666444,370
271,294.6636869076987,370
272,295.5587888219581,370
273,294.8696672282575,370
274,304.5111887755661,370
275,300.4457838872909,370
276,302.8614209895085,370
277,297.8770900757796,370
278,301.085275148521,370
279,301.1940577162321,370
280,303.10156195028605,370
281,301.419885736386,370
282,303.5859183916068,370
283,301.8379944711829,370
284,303.5928205455708,370
285,299.3107440000477,370
286,295.79419983651877,370
287,309.9027558843205,370
288,301.43412419730396,370
289,295.3647279153084,370
290,292.4562994054032,370
291,301.6956748962225,370
292,298.9908158254217,370
293,306.0378816701802,370
294,308.62059575238453,370
295,305.03866998145133,370
296,301.96955095117113,370
297,296.4669869059032,370
298,311.6472681016682,370
299,315.9985100966698,370
300,310.8349794314217,370
301,301.8443037042733,370
302,300.21867209551857,370
303,307.62911061165204,370
304,303.4713616817422,370
305,293.01400860320274,370
306,296.09400687715413,370
307,310.3883482184099,370
308,303.969894310008,370
309,300.1869363918661,370
310,303.21268053501007,370
311,305.4420253599462,370
312,304.4617027485069,370
313,313.3243541722969,370
314,308.4778118347375,370
315,311.3047401066407,370
316,310.79126517689804,370
317,309.93069326928475,370
318,314.54892509281694,370
319,311.1602660230463,370
320,304.42924056144824,370
321,311.12492048039053,370
322,310.12916642263264,370
323,307.8355538902058,370
324,304.13732157024464,370
325,313.82410421704515,370
326,311.0217263190944,370
327,305.4129427864415,370
328,301.1610385896458,370
329,306.76544193416515,370
330,303.7294877861182,370
331,301.49425655089215,370
332,290.5520342734847,370
333,301.436148420986,370
334,308.83715501736634,370
335,309.9846427326226,370
336,306.18820874374535,370
337,310.54008104545704,370
338,308.93232606034013,370
339,313.4924210339095,370
340,315.1816374994742,370
341,310.4626677041547,370
342,313.44778681643214,370
343,309.9295930108249,370
344,322.9967505277145,370
345,308.5263548170435,370
346,312.92230032109705,370
347,301.6994457199312,370
348,306.42033954646797,370
349,295.5119784596963,370
350,301.891828308425,370
351,300.1361552548882,370
352,307.6790592538426,370
353,308.6812561352484,370
354,293.38429209356315,370
355,297.0272385674668,370
356,299.2711953937798,370
357,294.77696905481565,370
358,308.1043291992811,370
359,299.4243627780537,370
360,306.47911632165665,370
361,303.4391879795646,370
362,304.66328129681557,370
363,302.4491709261481,370
364,297.68573778741955,370
365,311.0359914041466,370
366,309.2752850824627,370
367,312.88313581206216,370
368,305.2232431637022,370
369,305.5466826442973,370
370,307.3946187052847,370
371,309.76343382905657,370
372,305.36965292139894,370
373,299.50645504315884,370
374,302.1156859683294,370
375,300.8857769523123,370
376,302.22846425081343,370
377,307.0524736331861,370
378,298.0194569544198,370
379,306.73026547564916,370
380,310.4475980993596,370
381,310.03127341320777,370
382,316.75247596511923,370
383,300.0697596862796,370
384,302.4100854309759,370
385,310.1425451813295,370
386,311.08663047577534,370
387,311.2942574244964,370
388,312.60461511027125,370
389,311.6311477127309,370
390,309.9616100093543,370
391,311.4400073606114,370
392,300.64019985530683,370
393,307.42018962822465,370
394,316.62030807579396,370
395,312.6657793442347,370
396,313.0693969086901,370
397,311.67632497063653,370
398,310.3802984294165,370
399,309.45690988060005,370
400,316.2487106798492,370
401,309.26387934745446,370
402,313.78889682619786,370
403,316.7202671975577,370
404,312.1165613751129,370
405,314.81601040190714,370
406,315.5143087468785,370
407,312.461231863255,370
408,308.2262383376575,370
409,320.12678072651755,370
410,318.50303556512466,370
411,311.09125082229525,370
412,320.9010620644455,370
413,310.12469408606756,370
414,311.64760907403627,370
415,313.82350739966165,370
416,319.7118074370588,370
417,319.1273603222798,370
418,313.9781604364911,370
419,310.74640627601116,370
420,312.86953014171837,370
421,315.8836196874263,370
422,322.04764762882235,370
423,309.8213331922932,370
424,315.70610069397054,370
425,315.8071708747952,370
426,312.12898354845095,370
427,311.38177297843026,370
428,317.0531732793116,370
429,325.79606536714897,370
430,317.93536351118337,370
431,317.59569592802154,370
432,318.3468678553293,370
433,316.63624090742627,370
434,319.2967652419475,370
435,319.89339466316744,370
436,323.8325754297573,370
437,317.1845901348455,370
438,317.2679608517816,370
439,315.20744920037083,370
440,309.20361405732467,370
441,311.21894119176136,370
442,314.62624185340076,370
443,317.10483952802883,370
444,313.32069926662484,370
445,314.2618434978893,370
446,311.4148564762855,370
447,310.4167475320899,370
448,320.84069345963366,370
449,310.5907299887498,370
450,308.4226335062273,370
451,310.4456159308223,370
452,306.0915537646398,370
453,304.46267213433407,370
454,301.07955864853716,370
455,299.74009172099886,370
456,304.0955135418903,370
457,314.57325332023305,370
458,303.6829924559172,370
459,303.6043390368865,370
460,298.6662116878431,370
461,308.65926949380514,370
462,316.5587676884089,370
463,318.0504671018206,370
464,317.12592838631576,370
465,312.11459895581623,370
466,310.60131110058256,370
467,304.30660334324017,370
468,318.07980879481875,370
469,307.35184656881734,370
470,317.0760202503112,370
471,308.1428689839141,370
472,309.42873254674635,370
473,300.58684690611364,370
474,306.3845781940568,370
475,307.4303455393662,370
476,311.4299779520298,370
477,308.68144262575237,370
478,318.29542206749863,370
479,307.5921758808638,370
480,305.18851130201284,370
481,309.8181493331467,370
482,305.58325232910795,370
483,317.35759117051504,370
484,309.53878090514877,370
485,304.63891366232565,370
486,308.8022938384209,370
487,313.2850810298493,370
488,320.89575304296295,370
489,319.785314326924,370
0,351.318165518989,380
1,351.2466808298784,380
2,350.84622513492866,380
3,350.62157787918875,380
4,350.4499599436687,380
5,348.28526713369064,380
6,346.5184751484672,380
7,346.48999292222163,380
8,346.4966616616102,380
9,346.37730765880434,380
10,346.3813144756378,380
11,346.39667538201013,380
12,346.37174471367445,380
13,346.35498295785374,380
14,346.3482215086976,380
15,346.2448217998945,380
16,346.21463884286544,380
17,346.19325817895276,380
18,345.7090738853301,380
19,343.84012797193964,380
20,341.3443405488238,380
21,341.3200017833269,380
22,341.22780244205666,380
23,338.1699705218373,380
24,334.66879105796716,380
25,334.2425953855277,380
26,334.1113838305525,380
27,333.9376574861473,380
28,333.29633236271724,380
29,332.4933230327779,380
30,331.9233738464109,380
31,331.1608905714601,380
32,320.336541101677,380
33,304.7371970910469,380
34,304.71590457235806,380
35,304.39098013615563,380
36,303.7641143471607,380
37,304.53653119509573,380
38,305.0713347612424,380
39,304.7192969843215,380
40,297.44387591927944,380
41,296.29452559399385,380
42,296.30051311028456,380
43,296.29640170580734,380
44,296.2914157949826,380
45,296.26371914918064,380
46,296.2618769074143,380
47,296.22789619792707,380
48,296.25701945052367,380
49,296.30945027373,380
50,296.5392470412012,380
51,297.1884743461556,380
52,299.7877904235098,380
53,299.81530964164233,380
54,303.43214535791753,380
55,321.93189201017327,380
56,315.27829314280325,380
57,321.4050900314085,380
58,331.2288984149339,380
59,328.92940113375863,380
60,327.67182628547494,380
61,315.7511019028973,380
62,319.4694626175373,380
63,315.6533550418642,380
64,325.5157450965368,380
65,335.902075756877,380
66,335.3703462101424,380
67,247.8116183750104,380
68,329.20553794710656,380
69,331.2093450112089,380
70,233.53726776089854,380
71,345.0623370706815,380
72,283.32910955851116,380
73,324.6387534377891,380
74,339.7538883722138,380
75,312.57971947879815,380
76,331.5560748820602,380
77,329.73168860647485,380
78,317.54311961972127,380
79,312.4158666484891,380
80,330.9678146906421,380
81,324.66554858318915,380
82,319.3439775192728,380
83,315.9612234911246,380
84,326.7460467853381,380
85,323.8825170410267,380
86,307.97453308024535,380
87,315.6575995813374,380
88,312.21378475447943,380
89,314.1790611001688,380
90,340.0738796059188,380
91,330.30764878009285,380
92,334.74543662299976,380
93,325.61105731892366,380
94,310.1846087624878,380
95,317.53838791256277,380
96,324.362329937831,380
97,319.4795932146246,380
98,313.6862000326211,380
99,341.4179930416976,380
100,276.7614814699933,380
101,324.8493224453876,380
102,296.97454221543165,380
103,271.8935380094232,380
104,329.2042312661469,380
105,327.3790902184526,380
106,330.43644320852644,380
107,255.20498063031096,380
108,327.5397357851724,380
109,288.77319841917085,380
110,312.3750749388661,380
111,306.94366677662026,380
112,335.3635649904113,380
113,332.0058881598347,380
114,316.5000173412171,380
115,332.1503176475203,380
116,299.0886453183434,380
117,339.51605126999044,380
118,326.1881667207655,380
119,319.2220956742434,380
120,305.1706376159469,380
121,324.75333863944877,380
122,252.89778805382002,380
123,212.79878903446675,380
124,303.7883708795276,380
125,329.09319968700476,380
126,340.51885849276925,380
127,331.54545044707197,380
128,330.96593060897493,380
129,325.10015508374164,380
130,310.18729911472116,380
131,312.81123165542596,380
132,266.15938429328963,380
133,293.4067412607759,380
134,307.75329967618086,380
135,330.5908111989049,380
136,325.26579254513723,380
137,310.62524671010806,380
138,300.7453776998855,380
139,345.6331060238454,380
140,314.1082807681053,380
141,245.11552271331547,380
142,312.6098160436131,380
143,259.13448351994833,380
144,291.49110879815964,380
145,323.6280821552418,380
146,327.7210720989003,380
147,314.1369837453528,380
148,301.14977207643807,380
149,290.6779248874813,380
150,326.6740388905724,380
151,299.1975325299298,380
152,263.56090686752896,380
153,319.3535885436668,380
154,331.14722042534396,380
155,320.4121350326145,380
156,323.82173933415856,380
157,295.1261338042096,380
158,322.56507012986003,380
159,337.36924070672785,380
160,323.8398111892428,380
161,331.8161691729309,380
162,314.9392178629455,380
163,331.52427718761004,380
164,302.4220404924827,380
165,334.49604740142,380
166,223.80353783590667,380
167,277.4464936082486,380
168,288.0454421019604,380
169,277.94719094021593,380
170,289.0336735083228,380
171,335.147029082257,380
172,324.8064629099897,380
173,340.286331997606,380
174,307.9201223060599,380
175,332.949554587401,380
176,270.138832374542,380
177,292.5871261157529,380
178,336.275889207385,380
179,301.32791282666926,380
180,325.1440546974258,380
181,298.9171492967829,380
182,326.7959754022114,380
183,336.32371253163484,380
184,318.31590870772254,380
185,283.54954613799174,380
186,333.64715232006154,380
187,323.15782184000994,380
188,289.75485656090484,380
189,332.97407524083053,380
190,305.87447998741067,380
191,327.0276959329434,380
192,341.0385236389253,380
193,294.7176572358997,380
194,342.3874306683232,380
195,335.9399641187945,380
196,328.91081546010616,380
197,337.4641256736456,380
198,340.5881302422857,380
199,327.3858581054023,380
200,332.2593242177259,380
201,331.8274549967308,380
202,323.68458957240904,380
203,294.291871744678,380
204,327.1929215717288,380
205,325.87287720231586,380
206,311.1424574788347,380
207,312.39073567484303,380
208,331.5592958129497,380
209,329.97808655460483,380
210,324.57101119404837,380
211,313.275572689206,380
212,344.49491930651396,380
213,332.03060149770766,380
214,331.3459034922025,380
215,326.76150001618703,380
216,318.86637770322056,380
217,319.1892812281037,380
218,323.28931068507273,380
219,319.97321399151036,380
220,305.7005827666031,380
221,336.0816820872611,380
222,325.45811941453945,380
223,330.3941127423383,380
224,327.93905368321197,380
225,324.0531545651425,380
226,311.1439827012881,380
227,327.7004404069079,380
228,333.0108183181444,380
229,333.8991254529131,380
230,315.29938597389645,380
231,310.04157504819926,380
232,319.0986023345385,380
233,333.7841695256936,380
234,335.8938510783259,380
235,294.69972014985416,380
236,323.2316333613766,380
237,331.5414566747633,380
238,329.97863035611846,380
239,333.0719871427093,380
240,314.2059345130943,380
241,329.8259846088399,380
242,307.7843351302429,380
243,322.19737387314535,380
244,317.31544455411506,380
245,322.43048838335955,380
246,343.2700181272786,380
247,326.7520296399309,380
248,323.8774959123852,380
249,329.14477708810034,380
250,333.56636590353713,380
251,317.18708930624035,380
252,324.50753847144176,380
253,317.0951781501076,380
254,327.204096985369,380
255,334.6597974375384,380
256,329.2541959676909,380
257,335.72343585453535,380
258,339.0858544523593,380
259,303.6572670812946,380
260,315.1387763480303,380
261,331.0999725889971,380
262,321.85519202434665,380
263,327.3447455171215,380
264,331.2275216603124,380
265,329.52675175262453,380
266,333.98453961521915,380
267,329.11701316434954,380
268,336.25447585926594,380
269,303.81909043090906,380
270,317.76037339334835,380
271,332.19937831750974,380
272,328.8480125600394,380
273,322.57363756618605,380
274,324.7024026331573,380
275,329.3433251354902,380
276,326.03483310448473,380
277,325.1893524221071,380
278,323.97825658973113,380
279,323.2951849144956,380
280,330.0880822682944,380
281,332.73696258963486,380
282,329.6885173409757,380
283,334.3392230308535,380
284,325.97797343789796,380
285,341.7267498988034,380
286,332.8198488364088,380
287,320.7900155293464,380
288,323.11740504625277,380
289,336.02779385557255,380
290,332.1568157484104,380
291,319.9069436956026,380
292,312.5370743700816,380
293,327.0855542344776,380
294,327.9190346556247,380
295,329.2160610523173,380
296,321.32961283036445,380
297,332.9062159430326,380
298,316.42413113327507,380
299,332.61225213443583,380
300,333.2255318052466,380
301,327.2324422150027,380
302,333.991063779544,380
303,326.43769550997933,380
304,319.1833409903941,380
305,324.3181906255996,380
306,326.45360734030737,380
307,329.15934673835005,380
308,326.36730682652654,380
309,325.2764284436062,380
310,326.31195753822306,380
311,328.3193969589871,380
312,330.222500668278,380
313,330.25584701432865,380
314,328.7015967025392,380
315,324.6539502120298,380
316,323.0199086687889,380
317,325.26186431864744,380
318,327.0432932882569,380
319,322.1380803348413,380
320,312.22775799678533,380
321,332.8945229231067,380
322,330.2643663142044,380
323,330.13665760455,380
324,317.90079788270083,380
325,320.8432213608283,380
326,320.8569642190582,380
327,326.253142123909,380
328,324.516277571126,380
329,329.36452799246,380
330,317.57765960710645,380
331,327.0645158513198,380
332,321.7437049572424,380
333,322.767432208036,380
334,327.31394745332125,380
335,331.02038856925014,380
336,317.972846511769,380
337,333.6059423851195,380
338,329.3853630122206,380
339,317.63585484739684,380
340,321.70274996511114,380
341,317.1529240810168,380
342,327.5670752558843,380
343,323.06127962700964,380
344,335.780429088885,380
345,328.39760417538093,380
346,329.14783198072297,380
347,318.67019605726557,380
348,326.8551883990102,380
349,338.3404270249065,380
350,326.439007527652,380
351,322.2447813822755,380
352,324.78223324916115,380
353,319.2099897168874,380
354,328.94507219497774,380
355,334.4710356259734,380
356,329.0535534744895,380
357,328.3402612337305,380
358,332.8273730436722,380
359,319.0710650591491,380
360,318.851456975537,380
361,328.2016582428734,380
362,316.19510798035554,380
363,339.42723112047247,380
364,325.0747917846042,380
365,331.9372183120514,380
366,318.20023819653113,380
367,331.92011807865975,380
368,335.04604198246244,380
369,324.24939321636435,380
370,334.99783950761577,380
371,327.5035529653254,380
372,321.28019659568764,380
373,326.1974833167595,380
374,324.02773952131287,380
375,325.9921199712785,380
376,323.6645673643118,380
377,314.38910330677163,380
378,325.32623597321793,380
379,298.4118963152403,380
380,331.99078987191723,380
381,332.6229033279736,380
382,317.533917347827,380
383,330.75095361477304,380
384,332.65979770566037,380
385,333.5601803634498,380
386,308.57047202010637,380
387,310.28530826867325,380
388,323.2534281777077,380
389,306.8402409571679,380
390,320.2050327971429,380
391,325.9999723650826,380
392,314.24767449236776,380
393,323.20882677395383,380
394,311.1758321443556,380
395,317.93162272069145,380
396,311.31926505667036,380
397,316.4113215413564,380
398,327.25124014634116,380
399,328.9801017103323,380
400,304.3504816376874,380
401,334.69467694484626,380
402,325.1284638578276,380
403,322.03466542980453,380
404,328.4965447783232,380
405,318.9143749991669,380
406,316.2166943834004,380
407,324.20577642944164,380
408,319.7255844041197,380
409,319.3751823029449,380
410,333.2632288640004,380
411,331.76103598405246,380
412,323.7365769614832,380
413,310.87049346593045,380
414,334.3898306790323,380
415,322.5236295106278,380
416,323.78422547857,380
417,320.282569418031,380
418,315.80242539118626,380
419,318.81610931053655,380
420,319.0247498717539,380
421,314.83328892672637,380
422,312.801940434919,380
423,317.94415008757056,380
424,333.6670371122625,380
425,325.2431596574498,380
426,324.6119458956602,380
427,320.103398739927,380
428,323.1789079919403,380
429,319.9677640115716,380
430,326.91612643226347,380
431,320.61608756441575,380
432,323.1865353183415,380
433,320.56745250342595,380
434,319.3977919470486,380
435,320.1308368829459,380
436,323.78226830321034,380
437,313.943048925556,380
438,313.7484115371309,380
439,326.28873026688916,380
440,320.7458200729983,380
441,327.8622291641075,380
442,316.139149357579,380
443,325.1618606240453,380
444,316.82074829721034,380
445,317.9472345046157,380
446,322.65580599874846,380
447,320.3958184255895,380
448,318.13979454302034,380
449,327.65152571917974,380
450,329.2618508038045,380
451,306.47906551845375,380
452,309.3062518510305,380
453,297.9746380938315,380
454,328.32806719572255,380
455,323.97472771923714,380
456,322.18259025826256,380
457,322.4883291654424,380
458,331.270777347702,380
459,324.1018546774142,380
460,323.9546387129689,380
461,316.0739646106833,380
462,316.1714277534976,380
463,310.51289708826073,380
464,324.3314913512172,380
465,318.65553571143255,380
466,326.50668437970296,380
467,321.9525078643996,380
468,327.98067505776083,380
469,327.0618550777741,380
470,330.5597750200149,380
471,319.5840948609475,380
472,319.96143122366817,380
473,328.8582840072025,380
474,294.2061877364535,380
475,303.4524858165476,380
476,331.5167332628223,380
477,328.39608750064673,380
478,327.3755692553104,380
479,327.13903561671634,380
480,321.6312472140819,380
481,320.1558194876363,380
482,313.3833901890887,380
483,329.0311050618362,380
484,324.2688349050097,380
485,325.9824361775453,380
486,323.134134266038,380
487,329.3990451071304,380
488,326.50450958554023,380
489,312.2305311006308,380
0,275.2633410124843,400
1,275.1726417901052,400
2,275.0848960841554,400
3,275.30933430417207,400
4,272.52339340364483,400
5,271.59738672302655,400
6,272.4020280336275,400
7,274.03025078112086,400
8,276.25108535946504,400
9,276.46440195398065,400
10,276.7636901300201,400
11,276.8049907219513,400
12,276.823637658991,400
13,276.80665202355766,400
14,276.4882201515017,400
15,276.6726409389189,400
16,276.7255906662486,400
17,276.9195910091411,400
18,276.8895419446539,400
19,276.8718635888237,400
20,276.8598954617901,400
21,278.0432184216879,400
22,278.70268872542124,400
23,278.9718658400643,400
24,278.8179345453231,400
25,278.6955452699199,400
26,278.66980361793935,400
27,277.6136297278356,400
28,276.65332132578374,400
29,277.3844748225419,400
30,277.5624976792752,400
31,274.00771428883405,400
32,273.32714247616525,400
33,276.7960318483038,400
34,284.796001408207,400
35,286.0655098014702,400
36,285.1920811908692,400
37,284.82942089880595,400
38,285.1421531438063,400
39,278.13282300020074,400
40,282.9590679162054,400
41,285.8004667099845,400
42,287.3073961495486,400
43,289.35432398047885,400
44,289.60962097870447,400
45,287.78761313681514,400
46,284.79272679749863,400
47,281.6188667374476,400
48,281.67415989195206,400
49,282.1993141864512,400
50,285.82477619918416,400
51,285.8041060252343,400
52,285.89103498739837,400
53,285.9066083598857,400
54,285.7826391762538,400
55,285.6821620199662,400
56,285.38346176736366,400
57,285.4193122354616,400
58,285.33415206708395,400
59,285.19034390619305,400
60,285.04396432744517,400
61,284.9833197003757,400
62,284.95295266303555,400
63,285.0132459621243,400
64,284.9972078514108,400
65,284.14922646648336,400
66,284.025676273421,400
67,284.1119241853226,400
68,284.3908300531961,400
69,284.3630637439671,400
70,284.4728775911239,400
71,284.5218834338667,400
72,284.74105076084584,400
73,284.69596772835604,400
74,284.63981379889,400
75,284.6150237310791,400
76,284.55678272002837,400
77,284.68462662768746,400
78,285.1509157876557,400
79,285.1248662751573,400
80,285.15154088442205,400
81,285.1071255757142,400
82,285.1441519285492,400
83,285.1338209839757,400
84,285.1646613201442,400
85,285.2261169379623,400
86,285.293317730618,400
87,285.41168899206207,400
88,285.40149031616056,400
89,285.39260905413363,400
90,285.411234478366,400
91,285.29509801534783,400
92,285.288342310159,400
93,285.35488435867325,400
94,285.3503681556231,400
95,285.1487701024266,400
96,285.38250611376003,400
97,286.1271281759816,400
98,287.3999063371115,400
99,287.364729485145,400
100,287.32845731053806,400
101,287.1067392521612,400
102,286.2582381810519,400
103,285.81129147134357,400
104,285.84940913306224,400
105,285.83185339193267,400
106,285.83843145117805,400
107,285.84414737250063,400
108,285.8727352760271,400
109,285.977755983675,400
110,286.44463512680136,400
111,286.505370621639,400
112,286.502048062479,400
113,286.5173261617496,400
114,286.5325020510572,400
115,287.60464418280867,400
116,287.8871753989424,400
117,287.8882814459917,400
118,287.88702028594713,400
119,287.96972557899767,400
120,288.0596688184819,400
121,288.067037056598,400
122,288.0574006509683,400
123,288.06090686113805,400
124,288.06358543755806,400
125,288.0569274024781,400
126,288.0683711680378,400
127,288.0489210392569,400
128,288.0507004329072,400
129,288.06432624482767,400
130,288.06100015845834,400
131,288.05084612583386,400
132,288.06128634958685,400
133,288.06041063755805,400
134,288.057433682567,400
135,288.06129910763406,400
136,288.0552142303524,400
137,288.0562306938655,400
138,288.0534304978038,400
139,288.0569061384942,400
140,288.0167566455517,400
141,288.0008567166147,400
142,287.9854151405782,400
143,288.00272482156953,400
144,287.97634911584066,400
145,288.00101868747254,400
146,288.0119171032311,400
147,287.99711786608583,400
148,288.01602256714426,400
149,288.0064671172031,400
150,287.9968511422063,400
151,288.0593681114842,400
152,288.04092711428535,400
153,288.0607642876777,400
154,288.0559176864786,400
155,288.0536112798344,400
156,288.0601874682048,400
157,288.0514824502935,400
158,288.0461700281556,400
159,288.051639066283,400
160,288.05667200336444,400
161,288.1206208617698,400
162,288.4989255101856,400
163,190.70444410215916,400
164,3.685170806671775,400
165,2.8393596090953857,400
166,2.705388741420516,400
167,2.6833306821059955,400
168,2.700167177786649,400
169,2.716554994043462,400
170,2.7065667389983554,400
171,2.703440946529876,400
172,2.7066727512552697,400
173,2.723347599231963,400
174,2.675514515760619,400
175,2.4076464650510396,400
176,2.30784692916135,400
177,2.2599506836216086,400
178,2.2146222204495754,400
179,2.171371119373913,400
180,2.1500179068510943,400
181,1.6398642885711388,400
182,241.99084087400138,400
183,346.5911036822028,400
184,342.3616821349066,400
185,342.3650450952751,400
186,342.361566552844,400
187,342.3766459730026,400
188,342.38331656022564,400
189,342.3705781772224,400
190,342.3627554494954,400
191,335.6888307040176,400
192,334.58335583236084,400
193,334.69343882185484,400
194,334.797069182963,400
195,334.89814480569913,400
196,334.9666059021797,400
197,335.2724723594429,400
198,337.6929518886492,400
199,338.10458436937097,400
200,338.05757299356503,400
201,337.89778061221,400
202,338.11004959960616,400
203,338.19545971793127,400
204,337.93810824404613,400
205,337.906664986405,400
206,337.88331539714727,400
207,337.87806939311156,400
208,337.75479414315043,400
209,337.7366899185058,400
210,337.7417486514979,400
211,337.76330765639045,400
212,337.6883369223835,400
213,331.5887274873453,400
214,314.3636019734015,400
215,316.72310547932386,400
216,318.3559860986598,400
217,318.29126398827896,400
218,322.119708515134,400
219,331.634347443422,400
220,334.2400646166866,400
221,312.0284897197315,400
222,306.6438986998536,400
223,328.18858889874673,400
224,317.99644547071574,400
225,320.0264832764036,400
226,309.26304450909686,400
227,309.80875228909815,400
228,308.29253880321295,400
229,312.5715661696804,400
230,314.96611486601813,400
231,308.0839623618763,400
232,317.2665335813929,400
233,317.83382314000266,400
234,299.7249659208682,400
235,301.6817193334576,400
236,304.1674054882839,400
237,319.76022824596845,400
238,319.4197108269957,400
239,322.4074330288628,400
240,326.6927755439024,400
241,336.9588379741624,400
242,335.6541949875571,400
243,340.9590195312007,400
244,328.4183114802182,400
245,338.4724030886007,400
246,339.6329959262838,400
247,326.8364668660548,400
248,330.78502361246944,400
249,316.9140471547166,400
250,336.04472433185595,400
251,334.11557458670706,400
252,335.81354618401093,400
253,334.5566111777164,400
254,327.4523470534702,400
255,330.0394133906802,400
256,345.84035537792795,400
257,333.58921071754406,400
258,324.29135076705916,400
259,331.2756516599871,400
260,325.47443256896827,400
261,344.8907348912371,400
262,327.95096793952655,400
263,306.3409356989749,400
264,318.7626004643212,400
265,317.47794759393383,400
266,324.5286751398527,400
267,323.3649439351261,400
268,321.3631474079724,400
269,334.0666633826152,400
270,336.00757436707147,400
271,332.53423221547837,400
272,317.6031480163352,400
273,338.3697116166934,400
274,332.96128697398655,400
275,329.38734835050343,400
276,324.25939684995666,400
277,327.523609811719,400
278,331.20327323010264,400
279,331.95587990428146,400
280,322.1076784300192,400
281,335.88318238407936,400
282,323.74293350397784,400
283,332.27726200645816,400
284,337.0802711968335,400
285,335.8034333414759,400
286,337.14013123539684,400
287,330.06003286669846,400
288,326.09719842868395,400
289,331.2234248126346,400
290,324.0149573026433,400
291,333.19116116322346,400
292,320.4621026180387,400
293,329.49990291374337,400
294,325.2042146454244,400
295,325.8077795398383,400
296,328.5903604189591,400
297,319.87635975307086,400
298,336.6487187857206,400
299,333.46164263964937,400
300,333.31204354463824,400
301,322.56247389388426,400
302,329.295007594779,400
303,329.43142738158565,400
304,331.47503452077757,400
305,328.35212347930457,400
306,320.14818187145244,400
307,327.6899312660601,400
308,341.2471090642029,400
309,335.1682157516992,400
310,322.1176540886298,400
311,336.01879229350027,400
312,329.7498014297047,400
313,331.7789569118318,400
314,333.33960096530177,400
315,332.49537040627655,400
316,324.63417984234115,400
317,334.01306303741774,400
318,323.63240719315445,400
319,330.7023117487714,400
320,316.24337798230846,400
321,331.349783955185,400
322,331.70627634485874,400
323,320.0144751713497,400
324,330.44979295964265,400
325,329.0818974057205,400
326,329.7032073350675,400
327,315.06080601194094,400
328,328.8854113725637,400
329,318.3867862676693,400
330,328.4166374959939,400
331,319.8732017494685,400
332,327.0668156595367,400
333,330.63505263400583,400
334,323.2929181287266,400
335,327.5116069306367,400
336,324.2169811682316,400
337,331.5835004312866,400
338,327.1862172391811,400
339,320.9476735042505,400
340,327.26344820936976,400
341,318.088534658935,400
342,322.54396600555066,400
343,331.1240123024998,400
344,315.11548593694664,400
345,315.9913097570739,400
346,316.1095259014573,400
347,320.49937689257325,400
348,323.49318471407764,400
349,316.04593356378956,400
350,330.4881542285917,400
351,322.9750393946887,400
352,317.1867924125779,400
353,317.9782016021242,400
354,308.0104794058668,400
355,310.0589203680758,400
356,319.9046102127792,400
357,328.4770283824877,400
358,314.8614235008469,400
359,319.7389143672404,400
360,321.7945784539012,400
361,310.1663253942996,400
362,315.6313237342826,400
363,322.36399050646855,400
364,321.8335396935783,400
365,319.11748794018723,400
366,322.9451159234375,400
367,324.7096569966797,400
368,315.4492806167791,400
369,322.7040304183864,400
370,317.77238171743545,400
371,310.2734821020105,400
372,320.04585432443565,400
373,321.3619284779076,400
374,325.5700791792604,400
375,323.40564842917604,400
376,323.44378402036784,400
377,325.1270676379372,400
378,321.08539831055697,400
379,313.13636585184224,400
380,308.93145532140176,400
381,312.642912257246,400
382,317.80706830298607,400
383,319.01071252738654,400
384,310.4377992400128,400
385,316.85172349673,400
386,313.33862487554825,400
387,316.4642907084874,400
388,321.7116595348364,400
389,320.818592066725,400
390,321.1838376775744,400
391,317.3561498936285,400
392,310.46809590848125,400
393,307.76779205846555,400
394,308.08110355348595,400
395,320.0727400110929,400
396,323.6309506331273,400
397,321.6371782051665,400
398,319.1302264451117,400
399,319.3751862837108,400
400,311.2900504212197,400
401,313.40531162119976,400
402,315.33777849467305,400
403,324.5678270576647,400
404,322.04073075022814,400
405,320.78399822040177,400
406,315.8075988755466,400
407,312.508410291113,400
408,318.70664795328884,400
409,320.1582781307927,400
410,317.40133179386373,400
411,322.7565802499768,400
412,315.5236088093531,400
413,320.7048752548357,400
414,313.5904748381639,400
415,316.1568605132182,400
416,317.61929797742,400
417,305.59473454194455,400
418,318.892405621785,400
419,320.3725731278659,400
420,321.83728196597474,400
421,317.53350880385284,400
422,312.0803271329838,400
423,317.02692647536173,400
424,315.1009643404383,400
425,319.0922460912718,400
426,327.72732919690384,400
427,319.9357292569016,400
428,318.64385716638674,400
429,321.4061637248071,400
430,315.5143080268904,400
431,314.79946153227996,400
432,313.48412629931505,400
433,312.7971489088569,400
434,309.3572471069226,400
435,317.81037423447117,400
436,306.1509286673584,400
437,316.26927749711933,400
438,312.9304406087353,400
439,310.1341224006605,400
440,313.29521093934363,400
441,322.75484499217526,400
442,316.89244743134856,400
443,316.1485590692623,400
444,319.5979291783298,400
445,313.68388688510345,400
446,313.3090476905918,400
447,320.67176920208135,400
448,314.02957191721435,400
449,318.22474422196467,400
450,313.8409034657121,400
451,304.96677791142866,400
452,315.03641638631296,400
453,311.1508818813826,400
454,314.6903575178683,400
455,313.96385038810337,400
456,305.73985117961814,400
457,320.502809278862,400
458,319.64643733966517,400
459,314.1307963537022,400
460,308.49827936651906,400
461,314.40548722849155,400
462,310.6162604945562,400
463,324.68801357730075,400
464,307.02271484047725,400
465,315.19201175670156,400
466,318.7890991358181,400
467,316.3068549759637,400
468,321.7273836870253,400
469,314.6764584577818,400
470,317.2382123115936,400
471,320.04495942098924,400
472,316.10438510974234,400
473,318.8503999450194,400
474,318.6066721757461,400
475,309.4012832820459,400
476,311.9405459343584,400
477,312.49956555653034,400
478,323.1424706982693,400
479,318.296756337623,400
480,330.72159109274145,400
481,320.6699425716115,400
482,320.93572830472357,400
483,314.06542791874506,400
484,313.30064974017216,400
485,312.8713699743845,400
486,314.98801048392403,400
487,318.000112739998,400
488,320.1700149608574,400
489,309.914808746835,400
0,300.7522986936848,410
1,296.6629871471707,410
2,289.78603174161094,410
3,295.6155216812753,410
4,291.2558111656956,410
5,290.58621691014866,410
6,299.17151372563467,410
7,288.4108891522855,410
8,278.8113924135516,410
9,290.3312791678531,410
10,280.1016916120418,410
11,290.5534903198726,410
12,289.96498788787073,410
13,287.6768831480824,410
14,296.63287246854736,410
15,299.7745350279586,410
16,297.4407423541882,410
17,290.417372644016,410
18,294.4623785164182,410
19,284.3991671630654,410
20,285.69407397647916,410
21,294.38640175925417,410
22,294.4195321594595,410
23,292.9570150267776,410
24,291.28617555999574,410
25,295.2851386390838,410
26,295.5591937815985,410
27,297.7788726613333,410
28,293.33595983367394,410
29,298.428478028294,410
30,288.1245432778517,410
31,300.43802004315364,410
32,287.716358300194,410
33,294.9816376204208,410
34,292.69568541963673,410
35,295.06556318887675,410
36,295.2154823524525,410
37,297.33397513761815,410
38,293.6935806492558,410
39,290.47178625704373,410
40,291.86865141976125,410
41,295.2467659375349,410
42,294.72322728689824,410
43,294.68725830697684,410
44,302.6705370670769,410
45,306.81720775779274,410
46,295.5043442381461,410
47,303.16006346694485,410
48,301.31829777994403,410
49,296.48671565155996,410
50,300.28257470937564,410
51,303.21966139730483,410
52,291.8420914559019,410
53,293.30610282754753,410
54,296.95709073763635,410
55,297.45487244467614,410
56,300.1605270056572,410
57,300.67811770342195,410
58,297.27879013926196,410
59,293.26606288966826,410
60,304.33490976690433,410
61,307.3678083632959,410
62,295.19050781911716,410
63,292.1563305436113,410
64,300.9856562862327,410
65,295.7919392715786,410
66,294.77007154849855,410
67,297.7113718528518,410
68,300.24631513215786,410
69,298.79040246868806,410
70,290.7945416897042,410
71,298.5169906989645,410
72,293.0052513495871,410
73,294.6318513690721,410
74,298.68682378710946,410
75,297.36341070747125,410
76,295.79169311352524,410
77,297.64988452975433,410
78,298.19232223050506,410
79,294.9547873637105,410
80,300.3409097676404,410
81,294.7209249182127,410
82,296.12811228102987,410
83,295.71827295200916,410
84,297.12145267602784,410
85,294.995492797691,410
86,297.65250778668315,410
87,301.1995094992027,410
88,294.1953761152942,410
89,296.98226481681996,410
90,297.50428789773474,410
91,298.11666292497875,410
92,302.01464510276253,410
93,296.3964955345527,410
94,291.83377838805177,410
95,292.9291260011351,410
96,286.5629767199659,410
97,295.1939571509995,410
98,294.96285943399994,410
99,298.31447842853595,410
100,296.928460624452,410
101,299.9791588351288,410
102,297.36579503661665,410
103,296.763398971611,410
104,296.29021830127385,410
105,297.97401726234636,410
106,295.4765660464904,410
107,302.8139050299329,410
108,292.5983121685928,410
109,295.5397685146903,410
110,296.8311180199467,410
111,294.25814743734566,410
112,297.39170251703933,410
113,293.67643820392345,410
114,293.726253296224,410
115,298.8348156373242,410
116,294.66523626641987,410
117,289.1300844426941,410
118,294.6236798231903,410
119,293.25651441104276,410
120,294.23753603823803,410
121,293.94489245769165,410
122,291.89791154397153,410
123,296.0932702629842,410
124,293.9549609844642,410
125,299.83553207261514,410
126,294.06115954045487,410
127,298.61874148073514,410
128,293.83254482751096,410
129,296.02097856359643,410
130,295.9881446235295,410
131,290.1800442369293,410
132,291.47176411450573,410
133,284.4749686013601,410
134,295.6351911654962,410
135,285.08637174229426,410
136,295.8454165945418,410
137,285.98365264776476,410
138,293.8716426347949,410
139,297.208430574624,410
140,298.6464949283558,410
141,295.7574618586246,410
142,295.67100569038763,410
143,297.1532417554982,410
144,298.7862392768403,410
145,298.24716357791755,410
146,294.6494780726035,410
147,295.1248085206989,410
148,289.1320336543366,410
149,292.76914081603314,410
150,296.38604794635546,410
151,294.86824643224844,410
152,295.03729164531416,410
153,294.34346305051565,410
154,292.19720627927666,410
155,293.7605641407144,410
156,298.4991244647194,410
157,289.8773148914061,410
158,296.95826852794636,410
159,298.9167201966867,410
160,298.82802797358255,410
161,298.71087967545003,410
162,299.15517509925985,410
163,298.97675668381004,410
164,300.35040856919767,410
165,292.05222244021655,410
166,291.4757915120903,410
167,295.5330245334525,410
168,298.7161748723886,410
169,302.1602560872485,410
170,285.1451918470385,410
171,284.73217958394457,410
172,295.1144091016816,410
173,299.1127294376951,410
174,297.5776664715558,410
175,295.6119453624816,410
176,299.3383303417168,410
177,295.1020262887354,410
178,304.4408092942716,410
179,297.4378988242517,410
180,296.169423176443,410
181,297.2113807449496,410
182,299.5112893133977,410
183,290.5686171089918,410
184,295.8756540525824,410
185,296.451100799948,410
186,292.6434663454756,410
187,302.0936821381124,410
188,296.51579101816185,410
189,297.38540587351434,410
190,294.9750104608156,410
191,299.90956273942913,410
192,299.66696884628584,410
193,293.29403239226775,410
194,300.94448656398947,410
195,291.4641537964226,410
196,300.2007523643081,410
197,293.34417398988177,410
198,293.5417894548904,410
199,299.1543787863109,410
200,295.4416401204649,410
201,300.5071138972739,410
202,302.5013780862811,410
203,292.01623162658774,410
204,294.9350186927181,410
205,300.41632853492814,410
206,299.6771493242718,410
207,300.328678543997,410
208,294.8201714676,410
209,298.89552851515833,410
210,298.19815743727645,410
211,293.9999227893602,410
212,297.2380817405419,410
213,300.1385513118555,410
214,304.0673112546778,410
215,300.61046506680105,410
216,299.2340133900192,410
217,300.1559324777874,410
218,295.1404170400862,410
219,288.09567392238193,410
220,295.0398486112568,410
221,294.7788091612765,410
222,292.3278166779887,410
223,294.73688902090566,410
224,296.4383046640922,410
225,292.93966852691295,410
226,298.93739462463805,410
227,299.2081086438504,410
228,289.2635885029211,410
229,296.06111292929074,410
230,294.58512871932226,410
231,295.1548442890208,410
232,302.20079806391647,410
233,295.96414510943566,410
234,298.9350887908929,410
235,297.3374756911279,410
236,302.8636942885203,410
237,298.8782219143242,410
238,296.3799982021522,410
239,295.19233395656886,410
240,297.72535226676104,410
241,296.0761891088952,410
242,293.23491381126587,410
243,294.20177229365476,410
244,292.36110951180706,410
245,290.414221371957,410
246,294.6947280772973,410
247,298.5176046362974,410
248,293.41184097568475,410
249,293.9182614453427,410
250,296.53928981107686,410
251,295.5251943459698,410
252,295.17871887233065,410
253,294.83109676119307,410
254,294.87174444005564,410
255,294.9526593982366,410
256,297.22870817133725,410
257,290.5674128260006,410
258,294.03760510278653,410
259,299.5383319923314,410
260,296.78951937614215,410
261,298.5178710325254,410
262,296.9428317232107,410
263,291.5498791057308,410
264,300.21055669392115,410
265,291.68511582162705,410
266,297.2638673891349,410
267,295.392259687805,410
268,297.1244784913297,410
269,297.4706442087802,410
270,298.56093089365334,410
271,281.56910293937915,410
272,295.5542178599311,410
273,293.31236933528055,410
274,295.3698378460491,410
275,294.3133016928149,410
276,297.256665867384,410
277,294.66958997372274,410
278,296.3907268970651,410
279,295.6330627670323,410
280,297.43600939702856,410
281,289.8349134937767,410
282,291.42579673557333,410
283,296.17404203069316,410
284,295.9356537344714,410
285,296.4741762059783,410
286,302.3360184467095,410
287,296.6735522304582,410
288,295.3084162651816,410
289,301.08768896285994,410
290,297.02126047461275,410
291,301.5365458782249,410
292,294.8477878151597,410
293,296.17964836119467,410
294,295.85104116133147,410
295,296.7090234632571,410
296,299.900645594692,410
297,294.34456661194133,410
298,293.3801673496886,410
299,291.1425333735816,410
300,297.8584586323422,410
301,296.08670695220894,410
302,297.9415976291659,410
303,294.1741171592817,410
304,299.96755808057486,410
305,295.9579599468679,410
306,296.6741771503977,410
307,300.3956900382308,410
308,291.6996712131247,410
309,297.5100865642729,410
310,297.50650404540596,410
311,296.3107940909776,410
312,289.48361669123636,410
313,297.2067176710964,410
314,294.55388950756526,410
315,297.5337976725332,410
316,292.002535966595,410
317,294.91361583656607,410
318,295.94431243882053,410
319,293.45335732755484,410
320,293.27129522732486,410
321,296.0913205304414,410
322,296.5263058274783,410
323,288.92365963142936,410
324,293.56612140525425,410
325,296.53992267210486,410
326,291.3310341307001,410
327,293.96638933461827,410
328,298.3352047573013,410
329,296.4632080165242,410
330,298.0222761809455,410
331,297.3828214246377,410
332,294.8344488915847,410
333,296.056263985567,410
334,293.2134130142423,410
335,291.688393349519,410
336,297.00251486312874,410
337,294.9712989152733,410
338,301.8547126163266,410
339,294.1706821155725,410
340,294.2524181210143,410
341,296.0612964741334,410
342,295.33070815978175,410
343,295.21941044548703,410
344,293.74083832822384,410
345,297.22028399038487,410
346,296.32260145700457,410
347,293.94243284072263,410
348,294.9405800714797,410
349,295.7113757458609,410
350,294.7958486773701,410
351,292.0693242206338,410
352,299.20540124555237,410
353,296.910777124021,410
354,292.0010322148018,410
355,294.91013087109343,410
356,290.82909730251134,410
357,298.1794846426969,410
358,295.68124963135034,410
359,293.70504481995306,410
360,295.10614403341106,410
361,293.7781797870196,410
362,296.47860983631716,410
363,293.8444682569487,410
364,296.49843045240823,410
365,293.8522914209785,410
366,292.6687234776038,410
367,289.09970397668144,410
368,295.70365116989393,410
369,298.5900391853966,410
370,294.3647006610475,410
371,297.53527288426994,410
372,296.76672079192537,410
373,289.5026072997741,410
374,297.5341009292762,410
375,300.527121357259,410
376,297.0668270435697,410
377,293.699597527086,410
378,300.07964966518387,410
379,301.94902743042354,410
380,298.9522982493984,410
381,292.30065867276335,410
382,300.11757740703075,410
383,294.9048402666814,410
384,298.62716795528064,410
385,294.00390423865065,410
386,292.4266575348357,410
387,295.9658630468413,410
388,298.4456396308052,410
389,292.5484474574227,410
390,295.2008059928668,410
391,295.7090045782034,410
392,298.53163936060554,410
393,295.0867304334611,410
394,292.25188322843513,410
395,297.3133968886949,410
396,299.0972302560783,410
397,296.5933471792908,410
398,296.70403344837496,410
399,299.0272375565209,410
400,298.04235750708835,410
401,297.23157978086965,410
402,292.37039752062896,410
403,290.25166042084925,410
404,292.0329700482851,410
405,300.5837765874028,410
406,289.97683162233767,410
407,292.83921764148096,410
408,296.3481562545085,410
409,294.157016667818,410
410,296.6355911295996,410
411,291.57849065537687,410
412,293.69974926229673,410
413,289.6322048232654,410
414,293.40568170915685,410
415,297.4780398786064,410
416,294.8944759955223,410
417,296.498167860059,410
418,291.8693400916708,410
419,293.1820317866366,410
420,290.81223825414014,410
421,296.8151419976475,410
422,295.6997445093063,410
423,294.0473965395452,410
424,294.5260210905353,410
425,298.282207969186,410
426,289.25557854538613,410
427,295.7159765290612,410
428,289.8486433630104,410
429,290.9835404978367,410
430,295.0864832967043,410
431,295.14919041607953,410
432,295.4275790802217,410
433,293.86047319671036,410
434,296.17141428015896,410
435,290.23957065272,410
436,293.89362078976467,410
437,292.9648505698458,410
438,289.67100940260264,410
439,293.2377326426101,410
440,285.1071148463285,410
441,296.40154881105514,410
442,294.1769694244386,410
443,292.7678198166317,410
444,290.0002968283741,410
445,296.1623912032196,410
446,296.9827936723905,410
447,294.5213632706214,410
448,285.1110095586888,410
449,286.16358107647164,410
450,285.1967076246491,410
451,296.6152319863191,410
452,296.3188416713473,410
453,292.0577631848931,410
454,295.41479862355936,410
455,292.9959498988329,410
456,290.81968658424705,410
457,297.0052854528493,410
458,293.5836437206246,410
459,288.56687322933055,410
460,289.99070780659423,410
461,291.85633148051016,410
462,285.42814474694205,410
463,286.3793599175877,410
464,286.6042333363541,410
465,288.80452197273013,410
466,288.75293249501385,410
467,292.6445550528445,410
468,292.7278227639175,410
469,296.8455659826402,410
470,295.173632903573,410
471,294.04133590913193,410
472,296.00272515353356,410
473,301.92262816325905,410
474,298.64225388885967,410
475,294.6628541983942,410
476,297.80879579504483,410
477,289.06677173755406,410
478,297.47078126086456,410
479,295.65995277556834,410
480,301.39304635808867,410
481,296.5770897412113,410
482,294.313058810468,410
483,298.19708732471264,410
484,296.42318635901785,410
485,288.4283028521018,410
486,293.31620407678054,410
487,298.4007329545516,410
488,289.8865948816321,410
489,294.82659215334564,410
